渔船ID,lat,lon,速度,方向,time
18339,29.942303555555554,122.30266244444444,0.0,0.0,2017-09-04 01:07:10
18339,29.94233133333333,122.30255133333334,0.1,0.0,2017-09-04 01:17:12
18339,29.94241466666667,122.30241244444444,0.2,0.0,2017-09-04 01:27:10
18339,29.942386888888887,122.30241244444444,0.0,0.0,2017-09-04 01:37:12
18339,29.94233133333333,122.30257911111111,0.2,0.0,2017-09-04 01:47:12
18339,29.942386888888887,122.30260688888887,0.0,0.0,2017-09-04 01:57:45
18339,29.942386888888887,122.30260688888887,0.0,0.0,2017-09-04 02:07:10
18339,29.94233133333333,122.30263466666666,0.0,0.0,2017-09-04 02:17:10
18339,29.942359111111116,122.30263466666666,0.0,0.0,2017-09-04 02:27:10
18339,29.942359111111116,122.30257911111111,0.0,0.0,2017-09-04 02:37:12
18339,29.942359111111116,122.30257911111111,0.0,0.0,2017-09-04 02:47:12
18339,29.94233133333333,122.30266244444444,0.0,0.0,2017-09-04 02:57:12
18339,29.94233133333333,122.30260688888887,0.0,0.0,2017-09-04 03:07:12
18339,29.942303555555554,122.30263466666666,0.0,0.0,2017-09-04 03:17:10
18339,29.94233133333333,122.30257911111111,0.0,0.0,2017-09-04 03:27:10
18339,29.94233133333333,122.30255133333334,0.1,0.0,2017-09-04 03:37:10
18339,29.942386888888887,122.30257911111111,0.1,0.0,2017-09-04 03:47:10
18339,29.942386888888887,122.30257911111111,0.2,0.0,2017-09-04 03:57:12
18339,29.942359111111116,122.30255133333334,0.0,0.0,2017-09-04 04:07:44
18339,29.942442444444445,122.30252355555557,0.0,0.0,2017-09-04 04:17:11
18339,29.942386888888887,122.30252355555557,0.1,0.0,2017-09-04 04:27:09
18339,29.94241466666667,122.30252355555557,0.0,0.0,2017-09-04 04:37:11
18339,29.942386888888887,122.3024957777778,0.0,0.0,2017-09-04 04:47:09
18339,29.942386888888887,122.30252355555557,0.0,0.0,2017-09-04 04:57:09
18339,29.942386888888887,122.30252355555557,0.0,0.0,2017-09-04 05:07:09
18339,29.942386888888887,122.30255133333334,0.0,0.0,2017-09-04 05:17:09
18339,29.94233133333333,122.30252355555557,0.0,0.0,2017-09-04 05:27:09
18339,29.94241466666667,122.3024957777778,0.0,0.0,2017-09-04 05:37:10
18339,29.942442444444445,122.302468,0.0,0.0,2017-09-04 05:47:11
18339,29.94233133333333,122.30252355555557,0.1,0.0,2017-09-04 05:57:11
18339,29.942525777777767,122.30294022222223,0.3,0.0,2017-09-04 06:07:09
18339,29.94288688888889,122.3034402222222,1.3,85.0,2017-09-04 06:17:10
18339,29.94183133333333,122.3231902222222,8.8,35.0,2017-09-04 06:27:10
18339,29.96138688888889,122.3394402222222,8.6,56.0,2017-09-04 06:37:09
18339,29.972164666666664,122.36130133333332,7.0,91.0,2017-09-04 06:47:10
18339,29.97019244444445,122.38038466666669,5.5,104.0,2017-09-04 06:57:10
18339,29.969803555555547,122.39880133333337,5.9,77.0,2017-09-04 07:07:10
18339,29.974859111111112,122.41796800000002,6.8,71.0,2017-09-04 07:17:13
18339,29.979247999999995,122.441718,7.7,91.0,2017-09-04 07:27:37
18339,29.97722022222222,122.46219022222223,6.8,100.0,2017-09-04 07:37:10
18339,29.97488688888889,122.48266244444444,6.1,101.0,2017-09-04 07:47:10
18339,29.972248,122.50299577777778,6.7,101.0,2017-09-04 07:57:11
18339,29.96960911111111,122.52441244444444,6.6,90.0,2017-09-04 08:07:09
18339,29.970553555555547,122.545718,7.0,103.0,2017-09-04 08:17:09
18339,29.969414666666665,122.56791244444445,7.7,99.0,2017-09-04 08:27:09
18339,29.968803555555557,122.5897457777778,6.9,99.0,2017-09-04 08:37:11
18339,29.968414666666664,122.61182911111112,7.0,85.0,2017-09-04 08:47:09
18339,29.96635911111111,122.633218,6.6,101.0,2017-09-04 08:57:10
18339,29.96508133333333,122.654968,6.7,96.0,2017-09-04 09:07:08
18339,29.96394244444444,122.67680133333334,6.8,111.0,2017-09-04 09:17:10
18339,29.96219244444445,122.69913466666668,7.6,99.0,2017-09-04 09:27:09
18339,29.960498,122.72210688888892,7.8,90.0,2017-09-04 09:37:09
18339,29.95885911111111,122.74463466666668,7.3,91.0,2017-09-04 09:47:09
18339,29.955664666666664,122.76735688888893,7.7,98.0,2017-09-04 09:57:10
18339,29.94997022222222,122.79113466666668,7.0,100.0,2017-09-04 10:07:38
18339,29.948470222222237,122.81338466666666,7.5,88.0,2017-09-04 10:17:09
18339,29.94788688888889,122.83738466666668,7.2,85.0,2017-09-04 10:27:09
18339,29.945970222222236,122.84494022222222,0.4,257.0,2017-09-04 10:37:08
18339,29.94608133333333,122.85685688888891,8.0,84.0,2017-09-04 10:47:10
18339,29.94572022222223,122.88160688888888,8.2,89.0,2017-09-04 10:57:09
18339,29.945275777777766,122.90677355555556,6.4,89.0,2017-09-04 11:07:09
18339,29.945386888888887,122.93235688888888,8.9,84.0,2017-09-04 11:17:10
18339,29.946275777777768,122.95857911111112,8.8,86.0,2017-09-04 11:27:09
18339,29.94741466666667,122.98274577777778,8.6,82.0,2017-09-04 11:37:12
18339,29.94860911111111,123.00880133333334,8.6,76.0,2017-09-04 11:47:10
18339,29.95019244444445,123.03432911111112,7.5,123.0,2017-09-04 11:57:09
18339,29.95044244444445,123.05830133333332,8.9,71.0,2017-09-04 12:07:09
18339,29.95458133333333,123.08427355555555,7.4,82.0,2017-09-04 12:17:38
18339,29.958664666666664,123.107468,7.7,77.0,2017-09-04 12:27:10
18339,29.966886888888887,123.12913466666666,7.9,23.0,2017-09-04 12:37:10
18339,29.970914666666665,123.15235688888892,7.3,80.0,2017-09-04 12:47:10
18339,29.975164666666664,123.17124577777778,8.2,79.0,2017-09-04 12:57:09
18339,29.98197022222222,123.19457911111112,7.5,66.0,2017-09-04 13:07:08
18339,29.981248,123.20002355555556,0.4,0.0,2017-09-04 13:17:10
18339,29.974636888888888,123.20169022222224,4.6,167.0,2017-09-04 13:27:10
18339,29.96816466666667,123.20332911111112,2.2,138.0,2017-09-04 13:37:08
18339,29.96213688888889,123.20535688888889,2.2,149.0,2017-09-04 13:47:08
18339,29.955998,123.20727355555556,2.5,173.0,2017-09-04 13:57:08
18339,29.94994244444444,123.20930133333334,2.4,163.0,2017-09-04 14:07:08
18339,29.943886888888887,123.21130133333334,2.2,167.0,2017-09-04 14:17:08
18339,29.937859111111116,123.21332911111112,2.2,167.0,2017-09-04 14:27:08
18339,29.93194244444444,123.215218,2.2,170.0,2017-09-04 14:37:09
18339,29.92602577777778,123.21688466666669,2.4,173.0,2017-09-04 14:47:09
18339,29.920136888888887,123.218468,3.4,189.0,2017-09-04 14:57:08
18339,29.914248,123.22019022222224,8.4,169.0,2017-09-04 15:07:09
18339,29.908386888888888,123.22157911111113,2.0,169.0,2017-09-04 15:17:08
18339,29.902498,123.22299577777778,1.9,156.0,2017-09-04 15:27:08
18339,29.89660911111111,123.22438466666668,2.0,159.0,2017-09-04 15:37:09
18339,29.890970222222236,123.22552355555555,2.0,146.0,2017-09-04 15:47:08
18339,29.88530355555555,123.22641244444443,2.2,177.0,2017-09-04 15:57:08
18339,29.87960911111111,123.22757911111113,1.8,172.0,2017-09-04 16:07:43
18339,29.874470222222207,123.22813466666666,1.7,178.0,2017-09-04 16:17:08
18339,29.86913688888889,123.22832911111112,1.9,148.0,2017-09-04 16:27:08
18339,29.86383133333333,123.22785688888894,3.1,214.0,2017-09-04 16:37:08
18339,29.858664666666662,123.22691244444444,1.6,198.0,2017-09-04 16:47:08
18339,29.858998,123.225468,2.0,348.0,2017-09-04 16:57:09
18339,29.861109111111112,123.22263466666666,0.4,301.0,2017-09-04 17:07:09
18339,29.86163688888889,123.2207457777778,1.5,272.0,2017-09-04 17:17:08
18339,29.861414666666665,123.21794022222224,1.2,269.0,2017-09-04 17:27:08
18339,29.86130355555556,123.21513466666669,1.3,259.0,2017-09-04 17:37:08
18339,29.86733133333333,123.21994022222223,1.8,170.0,2017-09-04 17:47:08
18339,29.87619244444444,123.2177457777778,2.1,331.0,2017-09-04 17:57:07
18339,29.881664666666666,123.21582911111112,2.5,334.0,2017-09-04 18:07:07
18339,29.887109111111112,123.213968,2.0,351.0,2017-09-04 18:17:09
18339,29.893248,123.21185688888892,2.2,331.0,2017-09-04 18:27:39
18339,29.898748,123.20963466666667,2.4,347.0,2017-09-04 18:37:07
18339,29.90469244444445,123.20780133333336,2.1,2.0,2017-09-04 18:47:07
18339,29.91077577777777,123.20619022222222,2.4,339.0,2017-09-04 18:57:08
18339,29.91694244444445,123.20477355555556,2.2,350.0,2017-09-04 19:07:07
18339,29.923164666666665,123.20319022222225,2.8,338.0,2017-09-04 19:17:07
18339,29.92944244444445,123.20157911111112,2.7,336.0,2017-09-04 19:27:07
18339,29.93585911111111,123.20007911111112,2.2,351.0,2017-09-04 19:37:08
18339,29.942220222222232,123.198218,2.7,350.0,2017-09-04 19:47:07
18339,29.94872022222221,123.196468,2.9,333.0,2017-09-04 19:57:07
18339,29.955248,123.19530133333336,2.7,344.0,2017-09-04 20:07:08
18339,29.96183133333333,123.1939402222222,2.9,342.0,2017-09-04 20:17:07
18339,29.968386888888887,123.19244022222225,2.4,341.0,2017-09-04 20:27:07
18339,29.97488688888889,123.19110688888892,2.2,354.0,2017-09-04 20:37:07
18339,29.98133133333333,123.18994022222223,2.3,353.0,2017-09-04 20:47:08
18339,29.987803555555555,123.1889957777778,2.5,356.0,2017-09-04 20:57:08
18339,29.99433133333333,123.18830133333334,2.6,2.0,2017-09-04 21:07:08
18339,30.000803555555557,123.187718,2.6,341.0,2017-09-04 21:17:07
18339,30.00719244444444,123.18777355555557,2.1,11.0,2017-09-04 21:27:07
18339,30.01347022222223,123.18780133333334,2.3,3.0,2017-09-04 21:37:07
18339,30.01972022222222,123.18794022222224,2.0,15.0,2017-09-04 21:47:07
18339,30.02585911111111,123.18821800000002,2.0,19.0,2017-09-04 21:57:07
18339,30.037720222222237,123.18902355555556,2.2,4.0,2017-09-04 22:17:07
18339,30.043553555555555,123.1894957777778,2.1,20.0,2017-09-04 22:27:08
18339,30.049164666666663,123.19160688888893,2.2,22.0,2017-09-04 22:37:07
18339,30.05435911111111,123.19469022222222,2.0,18.0,2017-09-04 22:47:08
18339,30.056275777777767,123.19621800000002,2.1,230.0,2017-09-04 22:57:08
18339,30.054553555555557,123.1962457777778,0.9,61.0,2017-09-04 23:07:07
18339,30.05558133333333,123.19721800000002,3.1,340.0,2017-09-04 23:17:06
18339,30.05735911111111,123.19941244444443,3.2,146.0,2017-09-04 23:27:07
18339,30.058414666666664,123.19966244444444,0.6,83.0,2017-09-04 23:37:07
18339,30.058914666666663,123.200218,0.2,0.0,2017-09-04 23:47:06
18339,30.06027577777777,123.20277355555557,7.2,77.0,2017-09-04 23:57:06
18339,30.06835911111111,123.21941244444444,6.1,318.0,2017-09-05 00:07:07
18339,30.076164666666664,123.20019022222225,6.3,288.0,2017-09-05 00:17:06
18339,30.081498,123.18730133333334,3.1,355.0,2017-09-05 00:27:07
18339,30.07494244444444,123.187468,2.2,147.0,2017-09-05 00:37:06
18339,30.069136888888888,123.18885688888888,3.2,133.0,2017-09-05 00:47:07
18339,30.062803555555558,123.19105133333336,2.0,195.0,2017-09-05 00:57:39
18339,30.05722022222222,123.19269022222224,2.1,157.0,2017-09-05 01:07:07
18339,30.051164666666665,123.19432911111112,2.2,178.0,2017-09-05 01:17:06
18339,30.04488688888889,123.19602355555556,2.2,183.0,2017-09-05 01:27:06
18339,30.038525777777767,123.197468,2.2,161.0,2017-09-05 01:37:07
18339,30.03213688888889,123.19910688888888,2.4,178.0,2017-09-05 01:47:06
18339,30.025692444444445,123.19902355555556,2.4,199.0,2017-09-05 01:57:06
18339,30.01933133333333,123.19869022222224,2.5,176.0,2017-09-05 02:07:06
18339,30.012803555555557,123.19910688888888,2.4,161.0,2017-09-05 02:17:06
18339,30.006248,123.19982911111111,2.3,187.0,2017-09-05 02:27:06
18339,29.99972022222222,123.20055133333337,2.4,169.0,2017-09-05 02:37:07
18339,29.993275777777782,123.20107911111111,2.3,158.0,2017-09-05 02:47:06
18339,29.986775777777765,123.20188466666669,3.3,143.0,2017-09-05 02:57:06
18339,29.98022022222222,123.20280133333334,2.4,174.0,2017-09-05 03:07:06
18339,29.97372022222222,123.20357911111113,2.9,191.0,2017-09-05 03:17:06
18339,29.96733133333333,123.20427355555556,2.4,188.0,2017-09-05 03:27:06
18339,29.96108133333333,123.2052457777778,2.6,178.0,2017-09-05 03:37:05
18339,29.955025777777767,123.20638466666668,2.1,164.0,2017-09-05 03:47:05
18339,29.949136888888887,123.20757911111112,2.1,179.0,2017-09-05 03:57:05
18339,29.94333133333333,123.2089402222222,2.3,177.0,2017-09-05 04:07:37
18339,29.938025777777767,123.20955133333334,2.5,181.0,2017-09-05 04:17:05
18339,29.932414666666663,123.209718,2.0,178.0,2017-09-05 04:27:05
18339,29.92697022222222,123.20944022222224,1.9,179.0,2017-09-05 04:37:06
18339,29.92180355555556,123.20694022222224,2.2,214.0,2017-09-05 04:47:05
18339,29.917859111111117,123.20155133333336,2.1,238.0,2017-09-05 04:57:05
18339,29.91588688888889,123.19482911111112,2.3,259.0,2017-09-05 05:07:06
18339,29.91597022222223,123.1877457777778,2.7,271.0,2017-09-05 05:17:06
18339,29.917886888888887,123.18105133333334,2.9,269.0,2017-09-05 05:27:05
18339,29.92130355555556,123.1752457777778,2.2,320.0,2017-09-05 05:37:06
18339,29.92094244444444,123.17607911111112,2.2,81.0,2017-09-05 05:47:05
18339,29.92219244444445,123.17571800000002,2.0,111.0,2017-09-05 05:57:05
18339,29.922359111111117,123.174218,0.9,0.0,2017-09-05 06:07:06
18339,29.922748,123.17238466666667,0.4,0.0,2017-09-05 06:17:05
18339,29.92338688888889,123.17055133333336,1.5,267.0,2017-09-05 06:27:05
18339,29.92460911111111,123.1684957777778,0.4,0.0,2017-09-05 06:37:05
18339,29.92516466666667,123.16641244444445,1.3,287.0,2017-09-05 06:47:05
18339,29.92483133333333,123.17516244444448,6.7,86.0,2017-09-05 06:57:05
18339,29.927164666666663,123.18835688888892,4.0,321.0,2017-09-05 07:07:06
18339,29.93777577777777,123.188468,2.2,338.0,2017-09-05 07:17:07
18339,29.94438688888889,123.18632911111112,2.2,347.0,2017-09-05 07:27:06
18339,29.95085911111111,123.18432911111113,2.0,354.0,2017-09-05 07:37:06
18339,29.95658133333333,123.17963466666669,2.3,297.0,2017-09-05 07:47:07
18339,29.961164666666665,123.17402355555556,2.3,315.0,2017-09-05 07:57:06
18339,29.966886888888887,123.16938466666667,2.6,342.0,2017-09-05 08:07:53
18339,29.97277577777777,123.16613466666668,2.6,323.0,2017-09-05 08:17:06
18339,29.97905355555556,123.1629957777778,2.6,336.0,2017-09-05 08:27:06
18339,29.985303555555557,123.1599957777778,3.2,355.0,2017-09-05 08:37:04
18339,29.99160911111111,123.15719022222224,2.6,2.0,2017-09-05 08:47:04
18339,30.005025777777767,123.15391244444444,2.2,356.0,2017-09-05 09:07:08
18339,30.018470222222238,123.1514957777778,2.5,345.0,2017-09-05 09:27:04
18339,30.02519244444445,123.15057911111111,2.8,12.0,2017-09-05 09:37:04
18339,30.03180355555556,123.14963466666669,2.3,342.0,2017-09-05 09:47:05
18339,30.038220222222236,123.14791244444444,2.3,356.0,2017-09-05 09:57:05
18339,30.044470222222238,123.14607911111112,3.3,10.0,2017-09-05 10:07:05
18339,30.05055355555556,123.14424577777778,2.1,334.0,2017-09-05 10:17:05
18339,30.056525777777782,123.14252355555556,1.9,323.0,2017-09-05 10:27:04
18339,30.062720222222207,123.14138466666668,2.1,326.0,2017-09-05 10:37:06
18339,30.06872022222222,123.14088466666668,2.5,8.0,2017-09-05 10:47:05
18339,30.074609111111112,123.14105133333337,2.0,357.0,2017-09-05 10:57:05
18339,30.08038688888889,123.14160688888892,2.4,358.0,2017-09-05 11:07:06
18339,30.085998,123.14238466666669,2.2,15.0,2017-09-05 11:17:05
18339,30.09166466666667,123.14319022222224,2.0,342.0,2017-09-05 11:27:33
18339,30.096748,123.14391244444444,1.8,355.0,2017-09-05 11:37:05
18339,30.10183133333333,123.14541244444445,1.8,17.0,2017-09-05 11:47:04
18339,30.10666466666667,123.14769022222224,1.9,350.0,2017-09-05 11:57:05
18339,30.10483133333333,123.14855133333334,2.5,168.0,2017-09-05 12:07:04
18339,30.104609111111117,123.14985688888888,2.6,146.0,2017-09-05 12:17:05
18339,30.105414666666668,123.15199577777778,0.8,65.0,2017-09-05 12:27:04
18339,30.105998000000003,123.15391244444444,0.6,78.0,2017-09-05 12:37:05
18339,30.107525777777767,123.15660688888892,5.0,267.0,2017-09-05 12:47:04
18339,30.108109111111112,123.13827355555556,5.8,269.0,2017-09-05 12:57:04
18339,30.10808133333333,123.122718,3.8,254.0,2017-09-05 13:07:05
18339,30.099386888888887,123.12607911111112,3.1,149.0,2017-09-05 13:17:04
18339,30.09360911111111,123.12805133333332,2.5,150.0,2017-09-05 13:27:03
18339,30.08785911111111,123.12988466666668,2.0,184.0,2017-09-05 13:37:04
18339,30.081997999999995,123.13180133333331,2.1,172.0,2017-09-05 13:47:04
18339,30.075998,123.133468,2.2,196.0,2017-09-05 13:57:04
18339,30.069498,123.13538466666668,2.2,160.0,2017-09-05 14:07:38
18339,30.06358133333333,123.13702355555556,2.1,172.0,2017-09-05 14:17:04
18339,30.057275777777768,123.138968,2.2,158.0,2017-09-05 14:27:04
18339,30.050859111111112,123.14088466666668,2.4,173.0,2017-09-05 14:37:04
18339,30.044386888888887,123.14302355555556,2.6,173.0,2017-09-05 14:47:04
18339,30.03794244444445,123.14513466666668,2.5,162.0,2017-09-05 14:57:04
18339,30.031470222222207,123.14732911111112,2.3,158.0,2017-09-05 15:07:04
18339,30.025053555555548,123.14941244444444,2.4,158.0,2017-09-05 15:17:04
18339,30.01835911111111,123.1514957777778,2.3,174.0,2017-09-05 15:27:33
18339,30.012525777777768,123.15363466666668,2.5,167.0,2017-09-05 15:37:04
18339,30.006248,123.15532911111112,2.3,155.0,2017-09-05 15:47:04
18339,29.999470222222207,123.156218,2.9,178.0,2017-09-05 15:57:04
18339,29.99241466666667,123.15530133333334,2.1,170.0,2017-09-05 16:07:04
18339,29.98647022222222,123.157218,2.3,167.0,2017-09-05 16:17:04
18339,29.98055355555555,123.158468,1.8,163.0,2017-09-05 16:27:04
18339,29.97458133333333,123.15907911111113,2.1,171.0,2017-09-05 16:37:04
18339,29.968636888888888,123.15863466666669,2.0,165.0,2017-09-05 16:47:04
18339,29.96294244444445,123.15819022222225,2.0,169.0,2017-09-05 16:57:03
18339,29.95744244444444,123.15752355555556,2.4,207.0,2017-09-05 17:07:04
18339,29.952109111111117,123.15527355555557,2.2,195.0,2017-09-05 17:17:05
18339,29.94708133333333,123.15244022222224,2.2,186.0,2017-09-05 17:27:04
18339,29.94635911111111,123.1517457777778,1.1,46.0,2017-09-05 17:37:04
18339,29.948498,123.15302355555556,1.0,88.0,2017-09-05 17:47:04
18339,29.949025777777766,123.15216244444444,0.8,313.0,2017-09-05 17:57:03
18339,29.950692444444453,123.15007911111113,1.0,325.0,2017-09-05 18:07:32
18339,29.95122022222222,123.14960688888893,5.5,146.0,2017-09-05 18:17:07
18339,29.937053555555558,123.1619957777778,6.5,154.0,2017-09-05 18:27:03
18339,29.92030355555556,123.17105133333334,7.2,164.0,2017-09-05 18:37:04
18339,29.91227577777777,123.17352355555558,1.9,11.0,2017-09-05 18:47:03
18339,29.921636888888887,123.17369022222223,2.2,339.0,2017-09-05 18:57:04
18339,29.92780355555556,123.17185688888893,2.7,335.0,2017-09-05 19:07:04
18339,29.934109111111116,123.16952355555556,2.3,345.0,2017-09-05 19:17:03
18339,29.94044244444445,123.167718,2.2,351.0,2017-09-05 19:27:03
18339,29.946775777777766,123.16663466666668,2.8,3.0,2017-09-05 19:37:03
18339,29.953303555555557,123.16616244444444,2.7,18.0,2017-09-05 19:47:03
18339,29.95985911111111,123.16455133333336,3.7,0.0,2017-09-05 19:57:08
18339,29.96644244444445,123.16277355555556,3.7,42.0,2017-09-05 20:07:03
18339,29.973025777777767,123.1607457777778,2.8,0.0,2017-09-05 20:17:03
18339,29.979775777777768,123.158968,2.7,0.0,2017-09-05 20:27:05
18339,29.98644244444444,123.1576068888889,2.5,292.0,2017-09-05 20:37:04
18339,29.99330355555556,123.15607911111113,2.6,2.0,2017-09-05 20:47:16
18339,29.999914666666665,123.15457911111112,2.5,339.0,2017-09-05 20:57:03
18339,30.006525777777767,123.15257911111112,2.8,359.0,2017-09-05 21:07:03
18339,30.01333133333333,123.150968,2.5,358.0,2017-09-05 21:17:16
18339,30.01972022222222,123.14916244444444,2.5,346.0,2017-09-05 21:27:03
18339,30.02647022222222,123.14782911111112,2.3,343.0,2017-09-05 21:37:04
18339,30.033109111111116,123.1462457777778,2.4,332.0,2017-09-05 21:47:03
18339,30.03969244444445,123.14452355555557,2.3,340.0,2017-09-05 21:57:03
18339,30.046248,123.14332911111111,2.2,351.0,2017-09-05 22:07:03
18339,30.052720222222234,123.14227355555556,2.9,6.0,2017-09-05 22:17:03
18339,30.058970222222207,123.1409957777778,2.4,339.0,2017-09-05 22:27:03
18339,30.065275777777767,123.13994022222224,2.6,359.0,2017-09-05 22:37:02
18339,30.071414666666666,123.13919022222224,3.1,6.0,2017-09-05 22:47:15
18339,30.077248,123.13877355555556,2.6,5.0,2017-09-05 22:57:03
18339,30.083025777777767,123.13766244444444,1.9,341.0,2017-09-05 23:07:02
18339,30.088998,123.13791244444444,2.7,4.0,2017-09-05 23:17:03
18339,30.094886888888887,123.13932911111112,2.7,29.0,2017-09-05 23:27:02
18339,30.10008133333333,123.142218,2.0,22.0,2017-09-05 23:37:02
18339,30.10488688888889,123.14577355555556,2.2,43.0,2017-09-05 23:47:03
18339,30.10666466666667,123.14780133333336,1.6,191.0,2017-09-05 23:57:02
18339,30.104664666666668,123.148218,2.0,61.0,2017-09-06 00:07:02
18339,30.10644244444445,123.15038466666668,4.1,66.0,2017-09-06 00:17:03
18339,30.10794244444445,123.15330133333336,0.8,58.0,2017-09-06 00:27:02
18339,30.110025777777786,123.15630133333336,1.2,55.0,2017-09-06 00:37:02
18339,30.10883133333333,123.1596902222222,6.8,185.0,2017-09-06 00:47:38
18339,30.09066466666666,123.15757911111112,7.3,188.0,2017-09-06 00:57:02
18339,30.07133133333333,123.15513466666668,6.9,184.0,2017-09-06 01:07:02
18339,30.055748,123.15791244444443,3.5,56.0,2017-09-06 01:17:01
18339,30.046359111111112,123.16119022222225,2.8,155.0,2017-09-06 01:27:02
18339,30.040275777777783,123.1634957777778,2.5,166.0,2017-09-06 01:37:03
18339,30.034081333333337,123.1657457777778,2.3,164.0,2017-09-06 01:47:02
18339,30.02788688888889,123.16782911111112,2.9,144.0,2017-09-06 01:57:02
18339,30.02160911111111,123.17010688888894,2.6,162.0,2017-09-06 02:07:03
18339,30.01522022222222,123.17232911111113,2.4,151.0,2017-09-06 02:17:01
18339,30.008775777777768,123.17441244444444,2.5,156.0,2017-09-06 02:27:02
18339,30.00238688888889,123.17680133333334,2.6,159.0,2017-09-06 02:37:02
18339,29.996053555555555,123.17952355555556,2.3,153.0,2017-09-06 02:47:02
18339,29.98963688888889,123.18241244444444,2.3,174.0,2017-09-06 02:57:02
18339,29.98308133333333,123.18477355555557,3.1,146.0,2017-09-06 03:07:02
18339,29.976498,123.18719022222224,2.5,160.0,2017-09-06 03:17:00
18339,29.970025777777767,123.18952355555555,2.8,169.0,2017-09-06 03:27:02
18339,29.963525777777782,123.19174577777778,2.8,161.0,2017-09-06 03:37:01
18339,29.956998,123.19402355555556,2.3,174.0,2017-09-06 03:47:17
18339,29.950775777777768,123.19582911111112,2.4,157.0,2017-09-06 03:57:02
18339,29.944498,123.19738466666668,2.3,171.0,2017-09-06 04:07:00
18339,29.93852577777777,123.19941244444443,2.3,154.0,2017-09-06 04:17:01
18339,29.93252577777777,123.200968,2.1,158.0,2017-09-06 04:27:00
18339,29.926692444444445,123.20241244444443,2.2,182.0,2017-09-06 04:37:00
18339,29.920775777777767,123.20310688888893,2.0,179.0,2017-09-06 04:47:00
18339,29.914970222222237,123.20344022222224,1.9,176.0,2017-09-06 04:57:02
18339,29.90933133333333,123.20341244444444,2.1,191.0,2017-09-06 05:07:00
18339,29.90385911111111,123.20257911111112,1.8,193.0,2017-09-06 05:17:02
18339,29.898470222222237,123.20116244444444,2.1,182.0,2017-09-06 05:27:00
18339,29.89355355555555,123.19869022222224,2.0,210.0,2017-09-06 05:37:00
18339,29.888803555555555,123.19541244444444,1.9,233.0,2017-09-06 05:47:02
18339,29.88544244444445,123.18969022222224,2.2,253.0,2017-09-06 05:57:14
18339,29.88469244444445,123.18769022222224,1.4,90.0,2017-09-06 06:07:01
18339,29.88619244444445,123.18785688888887,2.8,312.0,2017-09-06 06:17:02
18339,29.88763688888889,123.18732911111113,0.8,113.0,2017-09-06 06:27:02
18339,29.88833133333333,123.18713466666668,0.7,339.0,2017-09-06 06:37:02
18339,29.88938688888889,123.18685688888893,0.2,0.0,2017-09-06 06:47:02
18339,29.889025777777785,123.18885688888888,2.3,29.0,2017-09-06 06:57:01
18339,29.898164666666663,123.191218,2.5,342.0,2017-09-06 07:07:02
18339,29.90447022222222,123.188718,2.7,323.0,2017-09-06 07:17:01
18339,29.910386888888887,123.18560688888893,2.5,346.0,2017-09-06 07:27:01
18339,29.91608133333333,123.18219022222225,2.3,347.0,2017-09-06 07:37:01
18339,29.922109111111112,123.17966244444445,2.5,342.0,2017-09-06 07:47:01
18339,29.928220222222237,123.17727355555556,2.3,341.0,2017-09-06 07:57:01
18339,29.93452577777777,123.17463466666668,2.3,340.0,2017-09-06 08:07:15
18339,29.946859111111117,123.17013466666668,2.3,339.0,2017-09-06 08:27:01
18339,29.95322022222221,123.16816244444443,2.6,329.0,2017-09-06 08:37:01
18339,29.95958133333333,123.166218,2.4,3.0,2017-09-06 08:47:01
18339,29.96594244444444,123.16432911111112,2.4,348.0,2017-09-06 08:57:00
18339,29.97247022222221,123.1622457777778,2.5,344.0,2017-09-06 09:07:01
18339,29.97910911111111,123.16002355555555,2.4,331.0,2017-09-06 09:17:01
18339,29.985720222222238,123.15810688888894,2.3,338.0,2017-09-06 09:27:01
18339,29.99235911111111,123.15635688888894,2.4,359.0,2017-09-06 09:37:01
18339,29.99897022222222,123.15463466666668,2.3,333.0,2017-09-06 09:47:01
18339,30.005498,123.152718,2.2,338.0,2017-09-06 09:57:01
18339,30.011914666666662,123.15063466666668,2.5,341.0,2017-09-06 10:07:01
18339,30.018303555555555,123.1487457777778,2.4,346.0,2017-09-06 10:17:01
18339,30.02463688888889,123.14707911111113,2.2,351.0,2017-09-06 10:27:01
18339,30.030859111111116,123.1456068888889,2.2,347.0,2017-09-06 10:37:01
18339,30.03691466666667,123.14413466666667,2.1,345.0,2017-09-06 10:47:01
18339,30.04258133333333,123.14321800000002,1.8,355.0,2017-09-06 10:57:01
18339,30.04794244444445,123.14271800000002,2.4,10.0,2017-09-06 11:07:01
18339,30.051748,123.143468,1.7,183.0,2017-09-06 11:17:00
18339,30.048748,123.14494022222225,1.3,47.0,2017-09-06 11:27:00
18339,30.05147022222221,123.14691244444444,2.0,56.0,2017-09-06 11:37:01
18339,30.05672022222221,123.152718,3.2,52.0,2017-09-06 11:47:01
18339,30.05869244444445,123.1552457777778,1.1,287.0,2017-09-06 11:57:00
18339,30.062859111111116,123.1582457777778,3.4,281.0,2017-09-06 12:17:01
18339,30.06544244444445,123.16041244444445,1.6,64.0,2017-09-06 12:27:00
18339,30.06802577777777,123.16241244444444,1.4,25.0,2017-09-06 12:37:00
18339,30.07069244444445,123.16441244444444,0.9,37.0,2017-09-06 12:46:59
18339,30.076248,123.16821800000002,3.8,19.0,2017-09-06 12:56:59
18339,30.080609111111112,123.17213466666668,1.0,53.0,2017-09-06 13:07:00
18339,30.09444244444445,123.18735688888891,8.1,52.0,2017-09-06 13:16:59
18339,30.106248,123.20932911111112,8.0,53.0,2017-09-06 13:26:59
18339,30.116498,123.2324402222222,8.2,73.0,2017-09-06 13:37:00
18339,30.125442444444445,123.2546902222222,3.5,128.0,2017-09-06 13:47:00
18339,30.117220222222237,123.25802355555555,2.2,161.0,2017-09-06 13:56:59
18339,30.11127577777778,123.26130133333334,2.4,151.0,2017-09-06 14:07:01
18339,30.10555355555556,123.26507911111106,2.7,142.0,2017-09-06 14:17:00
18339,30.09969244444445,123.26794022222224,2.7,183.0,2017-09-06 14:27:00
18339,30.09310911111111,123.26857911111112,2.5,167.0,2017-09-06 14:37:00
18339,30.08633133333333,123.2694957777778,3.3,172.0,2017-09-06 14:47:02
18339,30.079859111111112,123.27132911111111,2.9,183.0,2017-09-06 14:57:09
18339,30.07333133333333,123.27169022222223,2.6,186.0,2017-09-06 15:07:16
18339,30.06694244444445,123.27213466666667,2.1,174.0,2017-09-06 15:17:00
18339,30.06041466666667,123.27194022222224,2.3,187.0,2017-09-06 15:27:00
18339,30.05394244444444,123.27132911111111,2.4,176.0,2017-09-06 15:37:00
18339,30.047498,123.27105133333332,2.4,171.0,2017-09-06 15:47:00
18339,30.04116466666667,123.26991244444444,2.1,196.0,2017-09-06 15:57:00
18339,30.034720222222223,123.2697457777778,2.6,174.0,2017-09-06 16:07:00
18339,30.02838688888889,123.27019022222224,2.5,172.0,2017-09-06 16:17:00
18339,30.022136888888888,123.270218,2.1,179.0,2017-09-06 16:27:00
18339,30.015998,123.270468,2.1,171.0,2017-09-06 16:37:00
18339,30.010025777777766,123.26977355555556,2.1,190.0,2017-09-06 16:47:00
18339,30.00422022222222,123.26841244444444,2.1,178.0,2017-09-06 16:57:00
18339,29.99883133333333,123.265968,1.9,221.0,2017-09-06 17:06:59
18339,29.99422022222221,123.26207911111112,1.9,221.0,2017-09-06 17:17:00
18339,29.99160911111111,123.2557457777778,2.1,261.0,2017-09-06 17:26:58
18339,29.99188688888889,123.2484957777778,2.2,287.0,2017-09-06 17:36:59
18339,29.99541466666667,123.24216244444445,2.0,322.0,2017-09-06 17:46:59
18339,30.00055355555555,123.23802355555556,2.2,336.0,2017-09-06 17:56:59
18339,30.00613688888889,123.23585688888892,2.3,327.0,2017-09-06 18:07:15
18339,30.010720222222236,123.23144022222225,2.4,311.0,2017-09-06 18:16:59
18339,30.015303555555548,123.22674577777778,2.2,318.0,2017-09-06 18:26:59
18339,30.019414666666663,123.22107911111112,2.4,303.0,2017-09-06 18:37:04
18339,30.02058133333333,123.21805133333336,0.8,161.0,2017-09-06 18:46:59
18339,30.021303555555555,123.21735688888892,0.4,0.0,2017-09-06 18:56:59
18339,30.023748,123.21480133333334,1.0,333.0,2017-09-06 19:06:59
18339,30.02708133333333,123.212468,1.1,329.0,2017-09-06 19:16:59
18339,30.01244244444444,123.20994022222224,6.2,183.0,2017-09-06 19:36:59
18339,30.00497022222222,123.21127355555556,7.3,0.0,2017-09-06 19:46:59
18339,30.01502577777777,123.20982911111112,2.3,343.0,2017-09-06 19:56:59
18339,30.021803555555557,123.20741244444444,2.7,341.0,2017-09-06 20:06:59
18339,30.028553555555558,123.20460688888892,2.5,335.0,2017-09-06 20:16:59
18339,30.03533133333333,123.20169022222224,2.6,338.0,2017-09-06 20:26:58
18339,30.042109111111117,123.19888466666669,2.6,342.0,2017-09-06 20:36:59
18339,30.04894244444444,123.1961068888889,2.9,328.0,2017-09-06 20:46:59
18339,30.05594244444445,123.19341244444443,2.6,340.0,2017-09-06 20:56:59
18339,30.06310911111111,123.19088466666668,2.8,348.0,2017-09-06 21:07:16
18339,30.069914666666666,123.18880133333334,2.5,346.0,2017-09-06 21:16:59
18339,30.07694244444444,123.18688466666669,2.7,347.0,2017-09-06 21:26:59
18339,30.084025777777786,123.18541244444444,2.6,352.0,2017-09-06 21:36:59
18339,30.091136888888887,123.18421800000002,2.5,351.0,2017-09-06 21:46:59
18339,30.09822022222223,123.18338466666668,2.5,353.0,2017-09-06 21:56:58
18339,30.105248,123.18266244444445,2.3,354.0,2017-09-06 22:06:58
18339,30.112275777777786,123.18191244444444,2.5,357.0,2017-09-06 22:16:58
18339,30.11933133333333,123.18085688888893,2.4,347.0,2017-09-06 22:26:57
18339,30.12622022222222,123.17971800000002,2.8,4.0,2017-09-06 22:36:58
18339,30.132942444444453,123.1787457777778,2.7,354.0,2017-09-06 22:46:58
18339,30.139553555555548,123.17821800000002,2.1,350.0,2017-09-06 22:56:58
18339,30.14588688888889,123.17794022222223,2.4,0.0,2017-09-06 23:06:58
18339,30.152109111111116,123.17838466666667,2.3,11.0,2017-09-06 23:16:58
18339,30.158192444444445,123.17994022222224,2.5,16.0,2017-09-06 23:26:57
18339,30.164053555555554,123.18149577777778,2.5,20.0,2017-09-06 23:36:58
18339,30.16963688888889,123.183468,2.0,24.0,2017-09-06 23:46:58
18339,30.17485911111111,123.18588466666668,1.7,23.0,2017-09-06 23:56:57
18339,30.17991466666667,123.18830133333334,1.7,21.0,2017-09-07 00:07:15
18339,30.18394244444445,123.19071800000002,1.8,38.0,2017-09-07 00:16:57
18339,30.18338688888889,123.19157911111112,2.0,224.0,2017-09-07 00:26:58
18339,30.180636888888888,123.19019022222224,0.5,29.0,2017-09-07 00:36:56
18339,30.18147022222222,123.19205133333334,0.9,80.0,2017-09-07 00:46:56
18339,30.18233133333333,123.19444022222224,0.9,51.0,2017-09-07 00:56:58
18339,30.18372022222222,123.197718,1.9,70.0,2017-09-07 01:07:02
18339,30.18583133333333,123.202968,0.9,66.0,2017-09-07 01:16:58
18339,30.186386888888887,123.20655133333337,1.4,252.0,2017-09-07 01:26:58
18339,30.187053555555558,123.21141244444443,4.2,69.0,2017-09-07 01:36:58
18339,30.187275777777767,123.2162457777778,4.6,44.0,2017-09-07 01:46:57
18339,30.188609111111116,123.22266244444444,2.0,67.0,2017-09-07 01:56:56
18339,30.18994244444445,123.22807911111111,1.8,75.0,2017-09-07 02:06:57
18339,30.190748,123.23435688888893,1.8,84.0,2017-09-07 02:16:58
18339,30.177470222222237,123.235968,6.1,184.0,2017-09-07 02:26:57
18339,30.16644244444444,123.24088466666667,3.4,51.0,2017-09-07 02:36:56
18339,30.15791466666667,123.24491244444444,7.8,177.0,2017-09-07 02:46:57
18339,30.13533133333333,123.24852355555556,8.3,167.0,2017-09-07 02:56:57
18339,30.114498,123.25169022222224,8.6,162.0,2017-09-07 03:06:57
18339,30.104609111111117,123.25260688888888,1.6,125.0,2017-09-07 03:16:56
18339,30.09544244444445,123.253718,2.6,158.0,2017-09-07 03:26:58
18339,30.08847022222222,123.25619022222222,2.7,164.0,2017-09-07 03:37:15
18339,30.081997999999995,123.25835688888893,2.8,161.0,2017-09-07 03:46:57
18339,30.07522022222221,123.26002355555556,2.1,167.0,2017-09-07 03:56:55
18339,30.068553555555557,123.26182911111113,2.6,161.0,2017-09-07 04:06:57
18339,30.06183133333333,123.26355133333334,2.6,164.0,2017-09-07 04:16:56
18339,30.05513688888889,123.26485688888889,2.4,167.0,2017-09-07 04:26:56
18339,30.04844244444445,123.266468,2.6,159.0,2017-09-07 04:37:05
18339,30.04163688888889,123.26560688888893,2.4,185.0,2017-09-07 04:46:57
18339,30.035498,123.26227355555557,2.0,177.0,2017-09-07 04:56:57
18339,30.029748,123.2592457777778,2.3,191.0,2017-09-07 05:06:57
18339,30.025248,123.25357911111112,2.2,252.0,2017-09-07 05:16:56
18339,30.022553555555557,123.24694022222224,2.2,258.0,2017-09-07 05:26:56
18339,30.022692444444445,123.23988466666668,1.4,0.0,2017-09-07 05:36:56
18339,30.02708133333333,123.234968,1.7,303.0,2017-09-07 05:47:15
18339,30.028998,123.2292457777778,2.0,280.0,2017-09-07 05:56:57
18339,30.028748,123.22244022222225,2.7,247.0,2017-09-07 06:06:57
18339,30.02594244444445,123.21607911111111,2.2,0.0,2017-09-07 06:16:57
18339,30.022914666666665,123.210218,1.9,237.0,2017-09-07 06:26:57
18339,30.01922022222222,123.2047457777778,1.9,239.0,2017-09-07 06:36:56
18339,30.01555355555555,123.19935688888891,2.1,229.0,2017-09-07 06:46:57
18339,30.01183133333333,123.194218,2.1,234.0,2017-09-07 06:56:55
18339,30.00838688888889,123.18882911111112,1.8,236.0,2017-09-07 07:06:57
18339,30.00688688888889,123.18541244444444,1.2,31.0,2017-09-07 07:16:55
18339,30.00905355555556,123.18624577777778,0.2,0.0,2017-09-07 07:26:56
18339,30.007720222222236,123.18524577777778,0.8,152.0,2017-09-07 07:36:56
18339,30.005553555555554,123.18477355555557,1.0,158.0,2017-09-07 07:46:56
18339,30.004109111111116,123.19616244444444,7.0,99.0,2017-09-07 07:56:56
18339,30.00316466666667,123.20960688888891,4.4,301.0,2017-09-07 08:07:15
18339,30.01352577777779,123.208468,2.4,355.0,2017-09-07 08:16:56
18339,30.019914666666665,123.20691244444444,2.5,345.0,2017-09-07 08:26:56
18339,30.02644244444444,123.20571800000002,2.1,351.0,2017-09-07 08:36:56
18339,30.033109111111116,123.20469022222224,2.2,346.0,2017-09-07 08:46:56
18339,30.03983133333333,123.20377355555556,2.2,350.0,2017-09-07 08:56:56
18339,30.04655355555556,123.202718,2.2,352.0,2017-09-07 09:06:56
18339,30.05344244444445,123.201718,2.1,357.0,2017-09-07 09:16:56
18339,30.06038688888889,123.20071800000002,2.0,2.0,2017-09-07 09:26:55
18339,30.06727577777777,123.19932911111113,2.7,4.0,2017-09-07 09:36:56
18339,30.07430355555556,123.19782911111112,2.6,354.0,2017-09-07 09:46:56
18339,30.081359111111112,123.19666244444444,2.4,7.0,2017-09-07 09:56:56
18339,30.08835911111111,123.19566244444444,2.3,357.0,2017-09-07 10:06:56
18339,30.095303555555557,123.19527355555556,2.0,351.0,2017-09-07 10:16:56
18339,30.10219244444445,123.19510688888892,2.7,356.0,2017-09-07 10:26:56
18339,30.109109111111117,123.1949957777778,2.8,350.0,2017-09-07 10:36:56
18339,30.115998,123.19519022222224,2.1,14.0,2017-09-07 10:46:56
18339,30.12260911111111,123.19566244444444,1.9,6.0,2017-09-07 10:56:56
18339,30.12894244444445,123.19413466666668,2.1,1.0,2017-09-07 11:06:56
18339,30.13477577777777,123.192218,1.8,0.0,2017-09-07 11:16:56
18339,30.140359111111117,123.19210688888892,1.6,0.0,2017-09-07 11:26:56
18339,30.137275777777766,123.19341244444443,3.7,142.0,2017-09-07 11:36:56
18339,30.138414666666662,123.1959957777778,1.5,127.0,2017-09-07 11:47:16
18339,30.138109111111117,123.1959957777778,3.0,289.0,2017-09-07 11:56:54
18339,30.140859111111112,123.19555133333336,2.4,45.0,2017-09-07 12:06:55
18339,30.141109111111117,123.19460688888891,2.7,210.0,2017-09-07 12:16:55
18339,30.14008133333333,123.19277355555558,4.6,236.0,2017-09-07 12:26:55
18339,30.13938688888889,123.19071800000002,0.5,182.0,2017-09-07 12:36:55
18339,30.13772022222221,123.1897457777778,0.8,220.0,2017-09-07 12:46:55
18339,30.13697022222221,123.18891244444444,4.9,106.0,2017-09-07 12:56:54
18339,30.14285911111111,123.20555133333336,6.3,54.0,2017-09-07 13:06:55
18339,30.14752577777777,123.22494022222224,6.4,76.0,2017-09-07 13:16:55
18339,30.147609111111112,123.2336902222222,7.4,182.0,2017-09-07 13:26:55
18339,30.138748,123.23441244444444,2.4,175.0,2017-09-07 13:36:55
18339,30.132414666666666,123.23663466666667,2.7,170.0,2017-09-07 13:46:55
18339,30.12602577777778,123.23916244444445,2.4,161.0,2017-09-07 13:56:54
18339,30.11930355555556,123.24205133333334,2.7,157.0,2017-09-07 14:07:15
18339,30.11291466666667,123.24452355555556,2.8,165.0,2017-09-07 14:16:55
18339,30.106053555555555,123.24694022222224,3.1,175.0,2017-09-07 14:26:55
18339,30.09916466666667,123.24913466666666,2.5,159.0,2017-09-07 14:36:55
18339,30.092053555555548,123.25132911111112,2.7,164.0,2017-09-07 14:46:55
18339,30.08488688888889,123.25382911111112,2.5,167.0,2017-09-07 14:56:55
18339,30.077803555555555,123.2564402222222,3.2,163.0,2017-09-07 15:06:55
18339,30.071053555555554,123.25885688888889,3.2,174.0,2017-09-07 15:16:55
18339,30.06416466666667,123.26005133333334,2.7,184.0,2017-09-07 15:26:54
18339,30.057303555555556,123.26066244444443,2.5,184.0,2017-09-07 15:36:56
18339,30.050498,123.26141244444445,2.8,179.0,2017-09-07 15:46:54
18339,30.043248,123.261968,2.3,178.0,2017-09-07 15:57:16
18339,30.03658133333333,123.26263466666668,2.3,171.0,2017-09-07 16:06:55
18339,30.029803555555556,123.2634957777778,2.4,164.0,2017-09-07 16:16:55
18339,30.022998,123.26413466666666,2.6,172.0,2017-09-07 16:26:54
18339,30.016248,123.26413466666666,2.3,173.0,2017-09-07 16:36:54
18339,30.009498,123.2629957777778,2.1,187.0,2017-09-07 16:46:54
18339,30.00280355555555,123.26166244444444,2.5,188.0,2017-09-07 16:56:54
18339,29.99608133333333,123.2604957777778,2.4,175.0,2017-09-07 17:06:53
18339,29.989553555555556,123.25907911111112,2.4,193.0,2017-09-07 17:16:53
18339,29.983248,123.25755133333334,2.2,194.0,2017-09-07 17:26:54
18339,29.976997999999995,123.2557457777778,2.2,197.0,2017-09-07 17:36:53
18339,29.970498,123.25299577777778,2.0,191.0,2017-09-07 17:46:53
18339,29.963998,123.2496068888889,2.3,202.0,2017-09-07 17:56:54
18339,29.957553555555556,123.24580133333332,2.3,200.0,2017-09-07 18:07:16
18339,29.95169244444445,123.243718,1.8,185.0,2017-09-07 18:16:54
18339,29.946025777777766,123.24180133333334,2.2,196.0,2017-09-07 18:26:53
18339,29.94502577777777,123.23910688888893,2.2,324.0,2017-09-07 18:36:54
18339,29.946025777777766,123.23557911111112,1.1,251.0,2017-09-07 18:46:54
18339,29.94497022222221,123.23016244444445,1.9,247.0,2017-09-07 18:56:54
18339,29.94358133333333,123.22485688888894,3.3,233.0,2017-09-07 19:06:54
18339,29.949609111111112,123.2259957777778,6.6,28.0,2017-09-07 19:16:54
18339,29.95672022222222,123.24341244444444,6.2,77.0,2017-09-07 19:26:54
18339,29.963414666666665,123.26135688888888,6.9,84.0,2017-09-07 19:36:54
18339,29.97044244444445,123.27916244444444,6.8,54.0,2017-09-07 19:46:54
18339,29.97794244444445,123.296968,6.6,58.0,2017-09-07 19:56:53
18339,29.98288688888889,123.29938466666668,4.2,11.0,2017-09-07 20:06:54
18339,29.992970222222237,123.29769022222224,2.5,351.0,2017-09-07 20:16:54
18339,29.999498,123.294718,2.3,348.0,2017-09-07 20:26:54
18339,30.00613688888889,123.29155133333336,2.5,0.0,2017-09-07 20:36:54
18339,30.013136888888887,123.28857911111106,2.8,339.0,2017-09-07 20:47:16
18339,30.02713688888889,123.28360688888893,3.1,333.0,2017-09-07 21:06:53
18339,30.03435911111111,123.28138466666668,2.7,340.0,2017-09-07 21:16:53
18339,30.04169244444445,123.27941244444445,2.1,4.0,2017-09-07 21:26:52
18339,30.04919244444445,123.2774402222222,2.1,342.0,2017-09-07 21:36:52
18339,30.056498,123.27485688888888,3.1,337.0,2017-09-07 21:46:53
18339,30.063470222222232,123.27141244444444,2.5,335.0,2017-09-07 21:56:53
18339,30.07013688888889,123.26691244444444,2.8,347.0,2017-09-07 22:06:53
18339,30.076359111111117,123.26219022222224,2.9,326.0,2017-09-07 22:16:53
18339,30.08363688888889,123.259718,2.6,348.0,2017-09-07 22:26:53
18339,30.091275777777767,123.2592457777778,2.6,8.0,2017-09-07 22:36:52
18339,30.098609111111116,123.2582457777778,2.7,358.0,2017-09-07 22:46:52
18339,30.10580355555556,123.25710688888891,3.6,336.0,2017-09-07 22:56:53
18339,30.11283133333333,123.25605133333332,2.2,11.0,2017-09-07 23:06:52
18339,30.119914666666663,123.25530133333334,2.5,353.0,2017-09-07 23:16:53
18339,30.126720222222207,123.25444022222224,2.4,2.0,2017-09-07 23:26:53
18339,30.133303555555557,123.25280133333334,2.2,356.0,2017-09-07 23:36:53
18339,30.139553555555548,123.25113466666669,1.7,337.0,2017-09-07 23:46:53
18339,30.14585911111111,123.25235688888893,2.3,0.0,2017-09-07 23:56:53
18339,30.15172022222222,123.256718,2.4,36.0,2017-09-08 00:07:16
18339,30.156998,123.25966244444444,2.1,33.0,2017-09-08 00:16:53
18339,30.16258133333333,123.26210688888894,2.0,30.0,2017-09-08 00:26:52
18339,30.16805355555556,123.26385688888894,2.1,22.0,2017-09-08 00:36:53
18339,30.17183133333333,123.26541244444444,1.8,203.0,2017-09-08 00:46:53
18339,30.16916466666667,123.26607911111113,1.9,28.0,2017-09-08 00:56:52
18339,30.169998,123.26763466666668,2.5,143.0,2017-09-08 01:06:53
18339,30.170220222222238,123.26702355555555,0.4,0.0,2017-09-08 01:16:53
18339,30.16580355555556,123.260218,7.1,227.0,2017-09-08 01:26:53
18339,30.160998,123.24038466666669,6.8,273.0,2017-09-08 01:36:52
18339,30.159664666666664,123.22007911111112,2.2,183.0,2017-09-08 01:46:52
18339,30.15319244444445,123.22119022222222,2.5,159.0,2017-09-08 01:56:52
18339,30.14722022222222,123.22507911111111,2.4,159.0,2017-09-08 02:06:51
18339,30.141414666666662,123.22880133333337,2.8,165.0,2017-09-08 02:16:52
18339,30.135720222222236,123.23294022222224,2.3,143.0,2017-09-08 02:26:51
18339,30.13027577777777,123.23785688888889,2.3,143.0,2017-09-08 02:36:52
18339,30.12441466666667,123.24213466666669,2.6,148.0,2017-09-08 02:46:52
18339,30.118220222222234,123.24588466666668,2.6,160.0,2017-09-08 02:56:52
18339,30.11160911111111,123.248718,2.4,165.0,2017-09-08 03:06:52
18339,30.104748,123.250468,2.3,181.0,2017-09-08 03:16:52
18339,30.097859111111116,123.251968,2.8,178.0,2017-09-08 03:26:52
18339,30.09060911111111,123.253718,2.8,162.0,2017-09-08 03:37:16
18339,30.08397022222222,123.25516244444444,2.5,165.0,2017-09-08 03:46:52
18339,30.077136888888887,123.25660688888892,2.3,165.0,2017-09-08 03:56:52
18339,30.07041466666667,123.258218,2.6,161.0,2017-09-08 04:06:52
18339,30.06385911111111,123.25980133333331,2.6,180.0,2017-09-08 04:16:52
18339,30.05733133333333,123.2609957777778,2.2,185.0,2017-09-08 04:26:52
18339,30.051136888888887,123.26257911111112,2.2,163.0,2017-09-08 04:36:51
18339,30.045025777777767,123.264218,2.3,159.0,2017-09-08 04:46:51
18339,30.03888688888889,123.26574577777778,2.5,170.0,2017-09-08 04:56:52
18339,30.03280355555556,123.26710688888892,2.5,174.0,2017-09-08 05:06:52
18339,30.026748,123.26819022222224,2.4,181.0,2017-09-08 05:16:52
18339,30.02066466666666,123.26888466666668,2.7,183.0,2017-09-08 05:26:51
18339,30.01472022222222,123.26894022222224,2.1,158.0,2017-09-08 05:36:52
18339,30.00897022222221,123.26866244444444,2.2,204.0,2017-09-08 05:46:52
18339,30.003220222222208,123.26755133333334,2.1,181.0,2017-09-08 05:56:51
18339,29.997442444444445,123.26580133333331,2.2,202.0,2017-09-08 06:07:16
18339,29.99535911111111,123.264468,1.4,355.0,2017-09-08 06:16:51
18339,29.99577577777777,123.262718,1.9,252.0,2017-09-08 06:26:51
18339,29.99110911111111,123.25732911111112,0.5,205.0,2017-09-08 06:46:51
18339,29.98883133333333,123.25385688888888,0.3,0.0,2017-09-08 06:56:51
18339,29.990136888888888,123.26802355555556,6.6,68.0,2017-09-08 07:06:50
18339,29.998553555555556,123.28785688888888,7.3,48.0,2017-09-08 07:16:51
18339,30.00983133333333,123.30580133333332,7.0,60.0,2017-09-08 07:26:51
18339,30.02144244444445,123.32341244444444,6.8,43.0,2017-09-08 07:36:50
18339,30.03022022222222,123.342968,7.0,77.0,2017-09-08 07:46:50
18339,30.03058133333333,123.36460688888891,6.8,83.0,2017-09-08 07:56:51
18339,30.029303555555558,123.38602355555555,6.5,84.0,2017-09-08 08:06:51
18339,30.029803555555556,123.39696800000002,1.9,206.0,2017-09-08 08:16:51
18339,30.040248,123.393718,2.1,347.0,2017-09-08 08:26:51
18339,30.046636888888887,123.3914957777778,2.2,343.0,2017-09-08 08:36:51
18339,30.052970222222232,123.38938466666669,2.8,337.0,2017-09-08 08:46:51
18339,30.059414666666665,123.38721800000002,2.0,348.0,2017-09-08 08:56:51
18339,30.06594244444444,123.38505133333334,1.5,353.0,2017-09-08 09:06:51
18339,30.072609111111117,123.38238466666668,2.2,352.0,2017-09-08 09:16:51
18339,30.079359111111117,123.38091244444443,2.7,348.0,2017-09-08 09:26:51
18339,30.08577577777777,123.37869022222222,2.2,342.0,2017-09-08 09:36:51
18339,30.09308133333333,123.37677355555556,3.2,330.0,2017-09-08 09:47:15
18339,30.09960911111111,123.37513466666668,2.4,347.0,2017-09-08 09:56:50
18339,30.10638688888889,123.37316244444445,2.6,344.0,2017-09-08 10:06:51
18339,30.113220222222232,123.37110688888887,3.2,338.0,2017-09-08 10:16:51
18339,30.12013688888889,123.36919022222224,2.4,347.0,2017-09-08 10:26:51
18339,30.126998,123.36741244444444,2.6,340.0,2017-09-08 10:36:51
18339,30.134025777777783,123.36566244444444,2.8,358.0,2017-09-08 10:46:50
18339,30.141025777777767,123.363968,2.8,351.0,2017-09-08 10:56:50
18339,30.14794244444445,123.36257911111107,2.4,351.0,2017-09-08 11:06:50
18339,30.15508133333333,123.36216244444444,2.6,356.0,2017-09-08 11:16:50
18339,30.16208133333333,123.36124577777775,2.5,348.0,2017-09-08 11:26:50
18339,30.168914666666662,123.35991244444445,2.9,338.0,2017-09-08 11:36:50
18339,30.17577577777778,123.35855133333334,3.0,346.0,2017-09-08 11:46:50
18339,30.18235911111111,123.356968,2.0,355.0,2017-09-08 11:56:50
18339,30.19519244444445,123.35544022222224,2.8,348.0,2017-09-08 12:16:50
18339,30.201414666666665,123.35541244444444,2.7,355.0,2017-09-08 12:26:51
18339,30.20758133333333,123.35585688888894,2.5,6.0,2017-09-08 12:36:50
18339,30.21369244444444,123.35602355555557,1.8,357.0,2017-09-08 12:46:50
18339,30.219553555555557,123.35532911111108,2.3,343.0,2017-09-08 12:56:50
18339,30.21719244444445,123.35741244444444,1.8,188.0,2017-09-08 13:06:49
18339,30.216803555555558,123.357718,2.0,292.0,2017-09-08 13:16:49
18339,30.21785911111111,123.35707911111106,0.4,6.0,2017-09-08 13:26:49
18339,30.218414666666664,123.35616244444444,0.6,289.0,2017-09-08 13:36:49
18339,30.219414666666665,123.35560688888889,3.7,56.0,2017-09-08 13:46:49
18339,30.21241466666667,123.35905133333334,4.0,128.0,2017-09-08 13:56:49
18339,30.202414666666662,123.36088466666666,1.9,168.0,2017-09-08 14:06:49
18339,30.19713688888889,123.362468,1.9,174.0,2017-09-08 14:16:49
18339,30.19169244444444,123.36369022222222,2.1,160.0,2017-09-08 14:26:49
18339,30.18610911111111,123.36452355555556,2.1,188.0,2017-09-08 14:36:49
18339,30.180442444444445,123.365468,2.3,172.0,2017-09-08 14:46:49
18339,30.17460911111111,123.36635688888887,2.2,181.0,2017-09-08 14:56:49
18339,30.168748,123.36738466666668,2.0,168.0,2017-09-08 15:06:49
18339,30.162914666666666,123.3682457777778,2.7,182.0,2017-09-08 15:16:49
18339,30.156914666666665,123.36907911111112,2.6,184.0,2017-09-08 15:26:48
18339,30.150748,123.37002355555556,1.9,158.0,2017-09-08 15:36:48
18339,30.144136888888887,123.37127355555556,2.2,172.0,2017-09-08 15:47:16
18339,30.13808133333333,123.37274577777777,2.5,183.0,2017-09-08 15:56:48
18339,30.131664666666666,123.37435688888893,2.6,184.0,2017-09-08 16:06:48
18339,30.12519244444445,123.37588466666666,2.2,164.0,2017-09-08 16:16:48
18339,30.11885911111111,123.37738466666669,2.1,168.0,2017-09-08 16:26:48
18339,30.11252577777777,123.37866244444444,2.2,154.0,2017-09-08 16:36:48
18339,30.10622022222222,123.37985688888888,2.6,180.0,2017-09-08 16:46:48
18339,30.10002577777777,123.38116244444444,2.3,166.0,2017-09-08 16:56:48
18339,30.09377577777777,123.38210688888891,2.6,169.0,2017-09-08 17:06:48
18339,30.08758133333333,123.3831902222222,1.9,165.0,2017-09-08 17:16:48
18339,30.081414666666664,123.38363466666668,2.7,184.0,2017-09-08 17:26:48
18339,30.075248,123.3837457777778,2.3,187.0,2017-09-08 17:36:48
18339,30.06938688888889,123.38363466666668,2.3,185.0,2017-09-08 17:46:48
18339,30.063748,123.38430133333333,2.1,174.0,2017-09-08 17:56:48
18339,30.05283133333333,123.38330133333332,1.5,193.0,2017-09-08 18:16:48
18339,30.04760911111111,123.38080133333332,2.4,215.0,2017-09-08 18:26:48
18339,30.04233133333333,123.37930133333332,1.8,179.0,2017-09-08 18:36:48
18339,30.037164666666666,123.37874577777778,2.1,201.0,2017-09-08 18:46:48
18339,30.03794244444445,123.37705133333333,1.6,1.0,2017-09-08 18:56:48
18339,30.039942444444453,123.37324577777778,2.3,277.0,2017-09-08 19:06:48
18339,30.04008133333333,123.3687457777778,1.7,298.0,2017-09-08 19:16:48
18339,30.04041466666667,123.36399577777776,1.7,273.0,2017-09-08 19:26:48
18339,30.03916466666667,123.36188466666668,5.8,140.0,2017-09-08 19:36:48
18339,30.028998,123.37710688888887,6.2,126.0,2017-09-08 19:46:48
18339,30.01844244444444,123.39105133333337,6.3,160.0,2017-09-08 19:56:47
18339,30.024164666666664,123.38966244444444,4.7,334.0,2017-09-08 20:06:47
18339,30.030553555555556,123.38632911111112,2.2,348.0,2017-09-08 20:16:47
18339,30.036886888888887,123.38655133333334,2.6,2.0,2017-09-08 20:26:47
18339,30.04305355555556,123.38652355555556,1.6,344.0,2017-09-08 20:36:47
18339,30.04938688888889,123.38666244444444,2.3,356.0,2017-09-08 20:46:47
18339,30.055720222222234,123.38710688888894,1.9,6.0,2017-09-08 20:56:47
18339,30.062748,123.38710688888894,2.7,358.0,2017-09-08 21:07:17
18339,30.069248,123.386968,2.7,3.0,2017-09-08 21:16:47
18339,30.07613688888889,123.3867457777778,2.4,354.0,2017-09-08 21:26:47
18339,30.08319244444445,123.385968,2.7,342.0,2017-09-08 21:36:47
18339,30.09027577777777,123.38455133333332,2.6,356.0,2017-09-08 21:46:47
18339,30.09722022222222,123.38330133333332,2.9,348.0,2017-09-08 21:56:47
18339,30.10408133333333,123.38194022222224,2.9,335.0,2017-09-08 22:06:47
18339,30.11085911111111,123.38024577777776,3.6,0.0,2017-09-08 22:16:47
18339,30.11777577777777,123.37860688888892,2.5,348.0,2017-09-08 22:26:47
18339,30.124553555555558,123.376968,2.6,344.0,2017-09-08 22:36:47
18339,30.131525777777767,123.375718,2.5,356.0,2017-09-08 22:46:47
18339,30.13847022222221,123.37438466666669,2.9,334.0,2017-09-08 22:56:47
18339,30.145359111111112,123.37302355555556,2.3,354.0,2017-09-08 23:06:47
18339,30.15213688888889,123.37205133333332,2.5,354.0,2017-09-08 23:16:47
18339,30.159025777777767,123.37132911111112,1.9,355.0,2017-09-08 23:26:47
18339,30.16608133333333,123.37091244444444,2.4,10.0,2017-09-08 23:36:47
18339,30.17308133333333,123.370968,2.7,16.0,2017-09-08 23:46:47
18339,30.18005355555556,123.37055133333334,2.5,2.0,2017-09-08 23:56:47
18339,30.193609111111112,123.37066244444443,2.3,1.0,2017-09-09 00:16:47
18339,30.20013688888889,123.37130133333334,2.3,11.0,2017-09-09 00:26:47
18339,30.206553555555555,123.3722457777778,2.6,6.0,2017-09-09 00:36:46
18339,30.21283133333333,123.37324577777778,2.7,18.0,2017-09-09 00:46:46
18339,30.21894244444444,123.37438466666669,2.6,15.0,2017-09-09 00:56:46
18339,30.224998,123.37569022222222,2.4,352.0,2017-09-09 01:06:46
18339,30.22422022222222,123.37630133333332,0.6,0.0,2017-09-09 01:16:46
18339,30.22408133333333,123.37880133333334,1.8,264.0,2017-09-09 01:26:46
18339,30.227109111111112,123.37866244444444,1.1,19.0,2017-09-09 01:36:46
18339,30.22908133333333,123.378968,0.4,0.0,2017-09-09 01:46:46
18339,30.23077577777777,123.37916244444445,1.2,0.0,2017-09-09 01:56:46
18339,30.232025777777768,123.38016244444444,4.7,204.0,2017-09-09 02:06:46
18339,30.231164666666665,123.35574577777778,7.2,273.0,2017-09-09 02:17:16
18339,30.23144244444445,123.35052355555555,3.2,148.0,2017-09-09 02:26:46
18339,30.221803555555557,123.35027355555556,2.0,174.0,2017-09-09 02:36:46
18339,30.21608133333333,123.35080133333334,2.2,168.0,2017-09-09 02:46:46
18339,30.21022022222222,123.35130133333334,2.1,168.0,2017-09-09 02:56:46
18339,30.20419244444444,123.35224577777778,2.1,174.0,2017-09-09 03:06:47
18339,30.19808133333333,123.3529957777778,2.1,180.0,2017-09-09 03:16:46
18339,30.19185911111111,123.35394022222222,2.3,156.0,2017-09-09 03:26:46
18339,30.18552577777777,123.35519022222222,2.1,167.0,2017-09-09 03:36:46
18339,30.179136888888888,123.35649577777778,2.2,184.0,2017-09-09 03:46:46
18339,30.17258133333333,123.357468,2.5,167.0,2017-09-09 03:56:46
18339,30.16594244444445,123.35888466666668,2.5,172.0,2017-09-09 04:06:46
18339,30.15930355555556,123.36016244444444,2.5,170.0,2017-09-09 04:16:46
18339,30.152553555555556,123.361218,2.4,173.0,2017-09-09 04:26:46
18339,30.145803555555556,123.36232911111112,2.4,170.0,2017-09-09 04:36:46
18339,30.13910911111111,123.36341244444444,2.6,169.0,2017-09-09 04:46:46
18339,30.13247022222221,123.36444022222224,2.4,174.0,2017-09-09 04:56:46
18339,30.125970222222232,123.36560688888888,2.2,156.0,2017-09-09 05:06:46
18339,30.119525777777767,123.36655133333332,2.2,159.0,2017-09-09 05:16:45
18339,30.11327577777778,123.3674957777778,2.0,159.0,2017-09-09 05:26:45
18339,30.106998,123.3687457777778,2.2,176.0,2017-09-09 05:37:16
18339,30.10144244444445,123.36969022222222,2.1,174.0,2017-09-09 05:46:45
18339,30.095498,123.37024577777775,1.9,176.0,2017-09-09 05:56:45
18339,30.08963688888889,123.37016244444445,2.3,178.0,2017-09-09 06:06:46
18339,30.084025777777786,123.369468,2.1,186.0,2017-09-09 06:16:46
18339,30.07858133333333,123.36827355555556,2.1,197.0,2017-09-09 06:26:45
18339,30.073303555555555,123.366718,1.9,192.0,2017-09-09 06:36:45
18339,30.068136888888887,123.3651902222222,2.2,203.0,2017-09-09 06:46:45
18339,30.06310911111111,123.36369022222222,1.8,190.0,2017-09-09 06:56:45
18339,30.062275777777767,123.362968,1.4,22.0,2017-09-09 07:06:46
18339,30.06380355555555,123.36074577777778,2.8,290.0,2017-09-09 07:16:45
18339,30.06147022222222,123.35341244444444,0.7,0.0,2017-09-09 07:36:45
18339,30.05977577777777,123.355968,5.9,86.0,2017-09-09 07:46:45
18339,30.059192444444445,123.374718,6.0,86.0,2017-09-09 07:56:45
18339,30.057692444444445,123.39377355555555,5.4,98.0,2017-09-09 08:07:16
18339,30.061636888888888,123.39705133333337,6.9,355.0,2017-09-09 08:16:45
18339,30.070386888888887,123.394968,2.3,343.0,2017-09-09 08:26:45
18339,30.076914666666664,123.39280133333337,2.3,349.0,2017-09-09 08:36:45
18339,30.08347022222221,123.39096800000002,2.6,339.0,2017-09-09 08:46:45
18339,30.09008133333333,123.38957911111112,2.3,338.0,2017-09-09 08:56:45
18339,30.09669244444445,123.38780133333334,2.3,351.0,2017-09-09 09:06:46
18339,30.10333133333333,123.38588466666668,2.5,344.0,2017-09-09 09:16:47
18339,30.110025777777786,123.384218,2.2,346.0,2017-09-09 09:26:46
18339,30.11680355555556,123.38357911111108,2.5,4.0,2017-09-09 09:36:46
18339,30.12366466666667,123.382468,2.2,355.0,2017-09-09 09:46:44
18339,30.130664666666664,123.38107911111106,2.5,340.0,2017-09-09 09:56:44
18339,30.13783133333333,123.37877355555555,2.7,341.0,2017-09-09 10:06:45
18339,30.14513688888889,123.37685688888894,3.2,359.0,2017-09-09 10:16:44
18339,30.15258133333333,123.37724577777776,3.3,8.0,2017-09-09 10:26:45
18339,30.159775777777767,123.37777355555556,2.9,10.0,2017-09-09 10:36:44
18339,30.166970222222236,123.37805133333332,3.5,1.0,2017-09-09 10:46:44
18339,30.174442444444445,123.37788466666666,3.9,6.0,2017-09-09 10:56:44
18339,30.182025777777767,123.37785688888889,3.7,4.0,2017-09-09 11:06:44
18339,30.18944244444444,123.37749577777778,3.7,1.0,2017-09-09 11:16:44
18339,30.196914666666665,123.3771902222222,2.8,7.0,2017-09-09 11:26:44
18339,30.20413688888889,123.37677355555556,3.9,8.0,2017-09-09 11:36:44
18339,30.211803555555555,123.37652355555556,3.2,10.0,2017-09-09 11:46:44
18339,30.21902577777777,123.37613466666669,3.7,11.0,2017-09-09 11:56:44
18339,30.232609111111117,123.37588466666666,2.3,355.0,2017-09-09 12:16:44
18339,30.23869244444444,123.37632911111106,2.1,355.0,2017-09-09 12:26:44
18339,30.244359111111116,123.37660688888889,1.9,3.0,2017-09-09 12:36:44
18339,30.24655355555556,123.37716244444444,2.3,146.0,2017-09-09 12:46:45
18339,30.24130355555556,123.37680133333332,0.6,27.0,2017-09-09 12:56:44
18339,30.24472022222222,123.37616244444445,2.2,350.0,2017-09-09 13:06:44
18339,30.250220222222207,123.37480133333332,2.0,344.0,2017-09-09 13:16:44
18339,30.254275777777767,123.37416244444444,1.2,291.0,2017-09-09 13:26:44
18339,30.257775777777766,123.37552355555556,3.5,58.0,2017-09-09 13:36:45
18339,30.258914666666666,123.375968,3.2,336.0,2017-09-09 13:46:44
18339,30.26033133333333,123.37780133333334,3.5,305.0,2017-09-09 13:56:45
18339,30.263220222222238,123.37819022222222,1.0,357.0,2017-09-09 14:06:44
18339,30.26494244444445,123.378218,0.5,354.0,2017-09-09 14:16:44
18339,30.265664666666662,123.38399577777778,5.1,96.0,2017-09-09 14:26:44
18339,30.267359111111112,123.40210688888894,6.5,40.0,2017-09-09 14:36:43
18339,30.27497022222222,123.41107911111112,3.6,75.0,2017-09-09 14:46:44
18339,30.265303555555548,123.41594022222225,2.2,155.0,2017-09-09 14:56:43
18339,30.25963688888889,123.4186902222222,2.2,158.0,2017-09-09 15:06:44
18339,30.25385911111111,123.421718,2.3,146.0,2017-09-09 15:16:44
18339,30.248053555555558,123.4251068888889,2.5,157.0,2017-09-09 15:26:44
18339,30.242248,123.428468,2.3,163.0,2017-09-09 15:36:43
18339,30.23585911111111,123.43132911111113,2.4,157.0,2017-09-09 15:47:16
18339,30.23013688888889,123.43432911111113,2.3,148.0,2017-09-09 15:56:44
18339,30.22413688888889,123.43755133333336,2.3,152.0,2017-09-09 16:06:43
18339,30.218248,123.440468,2.1,158.0,2017-09-09 16:16:44
18339,30.212164666666663,123.44260688888892,2.1,165.0,2017-09-09 16:26:43
18339,30.20619244444444,123.4449957777778,2.3,158.0,2017-09-09 16:36:43
18339,30.20027577777777,123.44755133333334,2.3,160.0,2017-09-09 16:46:43
18339,30.19430355555556,123.4497457777778,2.5,163.0,2017-09-09 16:56:43
18339,30.18808133333333,123.45110688888892,2.2,186.0,2017-09-09 17:06:44
18339,30.181386888888888,123.44932911111113,2.4,203.0,2017-09-09 17:16:44
18339,30.16888688888889,123.44796800000002,1.9,177.0,2017-09-09 17:36:43
18339,30.162886888888888,123.44869022222224,2.4,179.0,2017-09-09 17:46:44
18339,30.156998,123.44927355555556,2.2,174.0,2017-09-09 17:56:44
18339,30.15110911111111,123.45010688888893,2.2,175.0,2017-09-09 18:07:16
18339,30.145914666666663,123.45052355555556,1.8,177.0,2017-09-09 18:16:43
18339,30.140386888888887,123.44969022222224,2.3,200.0,2017-09-09 18:26:43
18339,30.135053555555555,123.44777355555556,2.2,205.0,2017-09-09 18:36:43
18339,30.13005355555556,123.44502355555557,2.5,215.0,2017-09-09 18:46:44
18339,30.12527577777777,123.44191244444444,1.8,201.0,2017-09-09 18:56:43
18339,30.120303555555555,123.43938466666668,2.2,204.0,2017-09-09 19:06:43
18339,30.115303555555556,123.43713466666668,2.2,211.0,2017-09-09 19:16:42
18339,30.110498,123.43471800000002,1.9,199.0,2017-09-09 19:26:42
18339,30.109220222222238,123.43291244444444,1.5,21.0,2017-09-09 19:36:43
18339,30.112248,123.43166244444444,2.6,276.0,2017-09-09 19:46:42
18339,30.11252577777777,123.42707911111113,2.1,276.0,2017-09-09 19:56:42
18339,30.11294244444445,123.42113466666667,1.9,279.0,2017-09-09 20:06:44
18339,30.11330355555556,123.41819022222224,5.6,104.0,2017-09-09 20:16:43
18339,30.10713688888889,123.4357457777778,5.2,116.0,2017-09-09 20:26:42
18339,30.100859111111117,123.44807911111111,6.4,126.0,2017-09-09 20:36:43
18339,30.093803555555557,123.46613466666668,6.2,105.0,2017-09-09 20:46:42
18339,30.098914666666666,123.46857911111113,7.4,354.0,2017-09-09 20:56:42
18339,30.10635911111111,123.46674577777776,1.9,352.0,2017-09-09 21:06:43
18339,30.113025777777786,123.46532911111112,2.1,9.0,2017-09-09 21:16:42
18339,30.11983133333333,123.46207911111112,2.7,323.0,2017-09-09 21:26:42
18339,30.12658133333333,123.4587457777778,2.3,353.0,2017-09-09 21:36:43
18339,30.133414666666663,123.45507911111112,3.0,332.0,2017-09-09 21:46:43
18339,30.140386888888887,123.45188466666669,2.4,345.0,2017-09-09 21:56:42
18339,30.14791466666667,123.44888466666669,2.9,342.0,2017-09-09 22:07:16
18339,30.15469244444445,123.44644022222224,3.2,343.0,2017-09-09 22:16:42
18339,30.161886888888887,123.44402355555556,2.7,339.0,2017-09-09 22:26:43
18339,30.16888688888889,123.44119022222225,2.8,334.0,2017-09-09 22:36:43
18339,30.17577577777778,123.43810688888892,2.5,334.0,2017-09-09 22:46:42
18339,30.182886888888888,123.43613466666667,2.4,341.0,2017-09-09 22:56:42
18339,30.190053555555554,123.43457911111112,2.7,342.0,2017-09-09 23:06:43
18339,30.19710911111111,123.43305133333337,2.3,352.0,2017-09-09 23:16:42
18339,30.204109111111112,123.43177355555557,2.2,357.0,2017-09-09 23:26:41
18339,30.211164666666665,123.43060688888892,2.4,356.0,2017-09-09 23:36:41
18339,30.224748,123.42832911111113,2.3,348.0,2017-09-09 23:56:41
18339,30.23130355555556,123.427468,2.4,340.0,2017-09-10 00:06:42
18339,30.23783133333333,123.42691244444444,2.3,0.0,2017-09-10 00:16:41
18339,30.244442444444445,123.42688466666668,2.2,0.0,2017-09-10 00:26:41
18339,30.250998,123.42727355555556,2.3,10.0,2017-09-10 00:36:42
18339,30.25733133333333,123.427718,2.5,7.0,2017-09-10 00:46:41
18339,30.26347022222223,123.428468,2.3,346.0,2017-09-10 00:56:42
18339,30.269553555555557,123.42813466666666,2.1,355.0,2017-09-10 01:06:42
18339,30.275498,123.42660688888893,2.2,359.0,2017-09-10 01:16:41
18339,30.281164666666665,123.42463466666668,2.0,0.0,2017-09-10 01:26:41
18339,30.286859111111117,123.42344022222224,2.0,0.0,2017-09-10 01:36:42
18339,30.292609111111112,123.42282911111111,2.0,352.0,2017-09-10 01:47:10
18339,30.297748,123.42207911111112,2.1,352.0,2017-09-10 01:56:41
18339,30.299775777777768,123.42285688888887,1.8,131.0,2017-09-10 02:06:41
18339,30.296914666666662,123.424968,0.7,28.0,2017-09-10 02:16:42
18339,30.298498,123.42466244444444,4.7,1.0,2017-09-10 02:26:41
18339,30.30119244444444,123.424968,0.7,345.0,2017-09-10 02:36:42
18339,30.30283133333333,123.4246902222222,3.2,197.0,2017-09-10 02:46:42
18339,30.29566466666667,123.4129957777778,6.3,216.0,2017-09-10 02:56:42
18339,30.28891466666667,123.41344022222223,6.9,160.0,2017-09-10 03:06:43
18339,30.28083133333333,123.41544022222224,2.0,165.0,2017-09-10 03:16:42
18339,30.27510911111111,123.41682911111111,2.2,171.0,2017-09-10 03:26:42
18339,30.269164666666665,123.41844022222224,2.3,166.0,2017-09-10 03:36:42
18339,30.263164666666665,123.42063466666669,2.5,156.0,2017-09-10 03:46:41
18339,30.257025777777766,123.42344022222224,2.2,153.0,2017-09-10 03:56:41
18339,30.250803555555557,123.42707911111113,2.3,152.0,2017-09-10 04:07:09
18339,30.245192444444445,123.43082911111112,2.4,149.0,2017-09-10 04:16:41
18339,30.239553555555556,123.43524577777778,2.4,142.0,2017-09-10 04:26:41
18339,30.23419244444444,123.43991244444445,2.3,144.0,2017-09-10 04:36:41
18339,30.228748,123.44413466666668,2.4,153.0,2017-09-10 04:46:41
18339,30.223025777777767,123.44805133333335,2.3,155.0,2017-09-10 04:56:41
18339,30.21719244444445,123.45180133333334,2.4,152.0,2017-09-10 05:06:41
18339,30.21130355555556,123.4552457777778,2.2,150.0,2017-09-10 05:16:42
18339,30.205248,123.45819022222224,2.3,156.0,2017-09-10 05:26:41
18339,30.199414666666662,123.4611068888889,2.3,158.0,2017-09-10 05:36:41
18339,30.19347022222223,123.46344022222225,2.5,164.0,2017-09-10 05:46:42
18339,30.187248,123.46516244444445,2.5,162.0,2017-09-10 05:56:41
18339,30.18108133333333,123.466468,2.4,164.0,2017-09-10 06:06:42
18339,30.17460911111111,123.46613466666668,2.3,188.0,2017-09-10 06:16:41
18339,30.16830355555556,123.46455133333336,2.3,192.0,2017-09-10 06:26:41
18339,30.162886888888888,123.45927355555555,2.5,218.0,2017-09-10 06:36:41
18339,30.157303555555547,123.45657911111113,2.0,189.0,2017-09-10 06:46:41
18339,30.15119244444444,123.45624577777778,2.6,184.0,2017-09-10 06:56:41
18339,30.145553555555555,123.45569022222224,2.0,181.0,2017-09-10 07:06:41
18339,30.140109111111112,123.45477355555556,2.1,182.0,2017-09-10 07:16:41
18339,30.13463688888889,123.45377355555556,1.6,185.0,2017-09-10 07:27:10
18339,30.12977577777777,123.452718,1.7,185.0,2017-09-10 07:36:41
18339,30.12497022222221,123.45005133333332,1.9,212.0,2017-09-10 07:46:41
18339,30.12044244444445,123.44649577777778,2.0,217.0,2017-09-10 07:56:41
18339,30.12502577777777,123.44694022222224,1.8,48.0,2017-09-10 08:06:42
18339,30.125970222222232,123.44227355555556,0.9,286.0,2017-09-10 08:26:41
18339,30.12697022222222,123.4394957777778,0.9,286.0,2017-09-10 08:36:40
18339,30.12844244444444,123.436468,1.1,305.0,2017-09-10 08:46:40
18339,30.12738688888889,123.43427355555556,6.4,156.0,2017-09-10 08:56:40
18339,30.114942444444445,123.44949577777778,6.7,126.0,2017-09-10 09:06:40
18339,30.10963688888889,123.45430133333332,7.5,358.0,2017-09-10 09:16:40
18339,30.11938688888889,123.45199577777778,2.1,337.0,2017-09-10 09:26:41
18339,30.125970222222232,123.44882911111112,2.3,331.0,2017-09-10 09:36:40
18339,30.13269244444445,123.44605133333334,2.1,339.0,2017-09-10 09:46:40
18339,30.139609111111117,123.44360688888894,2.6,337.0,2017-09-10 09:56:40
18339,30.147025777777767,123.44105133333336,2.7,343.0,2017-09-10 10:07:09
18339,30.15383133333333,123.43874577777778,2.6,348.0,2017-09-10 10:16:40
18339,30.16088688888889,123.43610688888892,2.8,334.0,2017-09-10 10:26:40
18339,30.167942444444453,123.43330133333332,2.6,340.0,2017-09-10 10:36:40
18339,30.17494244444445,123.43060688888892,2.7,341.0,2017-09-10 10:46:40
18339,30.182053555555548,123.42799577777778,2.7,341.0,2017-09-10 10:56:40
18339,30.18908133333333,123.42541244444443,2.6,347.0,2017-09-10 11:06:40
18339,30.19630355555556,123.42302355555556,2.9,341.0,2017-09-10 11:16:40
18339,30.203470222222236,123.42082911111112,2.6,348.0,2017-09-10 11:26:40
18339,30.210553555555556,123.41880133333336,2.4,351.0,2017-09-10 11:36:40
18339,30.21758133333333,123.41685688888892,2.6,349.0,2017-09-10 11:46:40
18339,30.224525777777767,123.415218,2.4,350.0,2017-09-10 11:56:40
18339,30.23138688888889,123.41380133333335,2.5,348.0,2017-09-10 12:06:40
18339,30.238220222222232,123.41227355555556,2.4,348.0,2017-09-10 12:16:40
18339,30.244998,123.41088466666668,2.3,343.0,2017-09-10 12:26:40
18339,30.25166466666667,123.4097457777778,2.3,354.0,2017-09-10 12:36:40
18339,30.25822022222223,123.40885688888888,2.3,358.0,2017-09-10 12:46:40
18339,30.264748,123.4082457777778,2.3,354.0,2017-09-10 12:56:40
18339,30.27088688888889,123.40755133333334,2.3,8.0,2017-09-10 13:06:40
18339,30.276664666666665,123.407468,2.2,355.0,2017-09-10 13:16:40
18339,30.281498,123.40707911111112,1.4,0.0,2017-09-10 13:26:40
18339,30.28560911111111,123.40727355555556,1.3,0.0,2017-09-10 13:36:41
18339,30.282359111111116,123.40813466666668,2.6,139.0,2017-09-10 13:47:10
18339,30.279664666666665,123.40852355555558,0.3,8.0,2017-09-10 13:56:39
18339,30.280970222222223,123.40938466666668,0.5,33.0,2017-09-10 14:06:39
18339,30.28505355555556,123.4109957777778,2.0,31.0,2017-09-10 14:16:39
18339,30.28783133333333,123.41257911111111,1.2,118.0,2017-09-10 14:26:39
18339,30.28860911111111,123.41252355555557,3.3,270.0,2017-09-10 14:36:39
18339,30.290998,123.41482911111112,0.9,10.0,2017-09-10 14:46:39
18339,30.29394244444445,123.41524577777778,1.2,9.0,2017-09-10 14:56:39
18339,30.29638688888889,123.41688466666668,3.1,150.0,2017-09-10 15:06:39
18339,30.281609111111116,123.41196800000002,6.5,188.0,2017-09-10 15:16:39
18339,30.264025777777785,123.4084957777778,6.2,196.0,2017-09-10 15:26:39
18339,30.254803555555554,123.410468,8.1,173.0,2017-09-10 15:36:39
18339,30.24783133333333,123.41244022222224,2.5,166.0,2017-09-10 15:46:39
18339,30.241359111111112,123.41416244444444,2.4,179.0,2017-09-10 15:57:10
18339,30.235664666666665,123.41557911111111,2.4,166.0,2017-09-10 16:06:40
18339,30.229636888888887,123.41702355555556,2.1,166.0,2017-09-10 16:16:39
18339,30.22352577777777,123.41857911111111,2.3,164.0,2017-09-10 16:26:40
18339,30.217498,123.42019022222225,2.4,165.0,2017-09-10 16:36:39
18339,30.21144244444444,123.42166244444444,2.1,171.0,2017-09-10 16:46:39
18339,30.205248,123.42319022222225,2.2,173.0,2017-09-10 16:56:39
18339,30.199025777777766,123.42491244444444,2.4,165.0,2017-09-10 17:06:39
18339,30.19285911111111,123.42666244444445,2.0,164.0,2017-09-10 17:16:39
18339,30.180664666666665,123.4289957777778,2.0,171.0,2017-09-10 17:36:39
18339,30.17460911111111,123.43035688888894,2.0,170.0,2017-09-10 17:46:39
18339,30.168553555555555,123.431468,2.0,160.0,2017-09-10 17:56:39
18339,30.16219244444445,123.43291244444444,2.0,167.0,2017-09-10 18:07:09
18339,30.156553555555558,123.43421800000002,2.2,167.0,2017-09-10 18:16:39
18339,30.150553555555557,123.43569022222223,2.1,167.0,2017-09-10 18:26:38
18339,30.14472022222222,123.43721800000002,2.2,172.0,2017-09-10 18:36:38
18339,30.139164666666662,123.43952355555555,2.3,159.0,2017-09-10 18:46:38
18339,30.133414666666663,123.44088466666668,2.0,167.0,2017-09-10 18:56:38
18339,30.127636888888887,123.44032911111113,2.0,188.0,2017-09-10 19:06:38
18339,30.122303555555558,123.437968,1.7,197.0,2017-09-10 19:16:38
18339,30.11708133333333,123.43641244444444,2.0,184.0,2017-09-10 19:26:38
18339,30.11155355555556,123.4361902222222,2.1,182.0,2017-09-10 19:36:38
18339,30.106775777777766,123.43377355555558,2.4,234.0,2017-09-10 19:46:38
18339,30.103859111111117,123.42960688888893,1.6,29.0,2017-09-10 19:56:38
18339,30.10655355555556,123.43216244444444,1.8,225.0,2017-09-10 20:06:38
18339,30.10783133333333,123.42863466666668,1.3,315.0,2017-09-10 20:16:38
18339,30.109859111111117,123.42696800000002,1.2,352.0,2017-09-10 20:26:38
18339,30.11330355555556,123.42557911111112,0.9,335.0,2017-09-10 20:36:38
18339,30.11394244444445,123.42616244444444,6.1,146.0,2017-09-10 20:46:38
18339,30.10255355555556,123.43944022222225,6.2,140.0,2017-09-10 20:56:38
18339,30.103886888888887,123.44307911111112,6.7,11.0,2017-09-10 21:06:38
18339,30.111525777777786,123.44238466666668,0.6,0.0,2017-09-10 21:16:38
18339,30.11838688888889,123.44063466666668,1.9,348.0,2017-09-10 21:26:38
18339,30.125303555555558,123.4389957777778,2.5,349.0,2017-09-10 21:36:39
18339,30.13233133333333,123.43721800000002,2.4,349.0,2017-09-10 21:46:45
18339,30.13969244444444,123.43510688888892,2.3,344.0,2017-09-10 21:57:10
18339,30.146414666666665,123.433218,2.7,349.0,2017-09-10 22:06:38
18339,30.153553555555558,123.43113466666668,2.4,351.0,2017-09-10 22:16:38
18339,30.160803555555557,123.42930133333334,2.5,346.0,2017-09-10 22:26:38
18339,30.16830355555556,123.42763466666668,2.9,345.0,2017-09-10 22:36:38
18339,30.17583133333333,123.42585688888892,2.9,355.0,2017-09-10 22:46:38
18339,30.183414666666664,123.42430133333336,2.8,350.0,2017-09-10 22:56:37
18339,30.191025777777767,123.42282911111111,2.6,351.0,2017-09-10 23:06:37
18339,30.19877577777777,123.42116244444443,2.7,352.0,2017-09-10 23:16:37
18339,30.20672022222222,123.41952355555556,2.8,351.0,2017-09-10 23:26:37
18339,30.214664666666664,123.41794022222224,2.8,357.0,2017-09-10 23:36:37
18339,30.22260911111111,123.41657911111112,2.7,355.0,2017-09-10 23:46:37
18339,30.23047022222222,123.41538466666668,2.8,359.0,2017-09-10 23:56:37
18339,30.238748,123.41430133333334,2.6,352.0,2017-09-11 00:07:09
18339,30.245970222222237,123.41327355555556,2.8,349.0,2017-09-11 00:16:37
18339,30.253636888888888,123.41207911111113,2.5,345.0,2017-09-11 00:26:37
18339,30.26122022222221,123.41127355555555,2.6,0.0,2017-09-11 00:36:37
18339,30.268859111111112,123.4107457777778,2.6,357.0,2017-09-11 00:46:37
18339,30.276414666666664,123.41085688888892,2.8,0.0,2017-09-11 00:56:37
18339,30.28377577777778,123.41138466666668,2.5,356.0,2017-09-11 01:06:37
18339,30.290775777777768,123.4122457777778,2.5,8.0,2017-09-11 01:16:37
18339,30.29758133333333,123.41330133333334,2.3,7.0,2017-09-11 01:26:37
18339,30.30422022222222,123.41469022222223,2.5,16.0,2017-09-11 01:36:37
18339,30.31083133333333,123.41610688888892,2.5,8.0,2017-09-11 01:46:37
18339,30.31719244444445,123.41780133333334,2.5,18.0,2017-09-11 01:56:37
18339,30.323386888888887,123.41977355555557,2.1,7.0,2017-09-11 02:06:37
18339,30.32947022222222,123.42155133333335,2.0,4.0,2017-09-11 02:16:37
18339,30.33083133333333,123.42205133333334,1.0,198.0,2017-09-11 02:26:37
18339,30.33138688888889,123.42330133333334,2.2,8.0,2017-09-11 02:36:38
18339,30.335914666666664,123.42588466666668,3.4,26.0,2017-09-11 02:46:37
18339,30.340442444444445,123.42891244444444,1.7,38.0,2017-09-11 02:56:37
18339,30.34310911111111,123.43266244444445,3.8,221.0,2017-09-11 03:06:37
18339,30.334498,123.42502355555555,5.3,195.0,2017-09-11 03:16:37
18339,30.324136888888887,123.41663466666668,4.0,226.0,2017-09-11 03:27:10
18339,30.31569244444445,123.40727355555556,4.1,215.0,2017-09-11 03:36:36
18339,30.308220222222232,123.39752355555557,4.5,221.0,2017-09-11 03:46:36
18339,30.29997022222221,123.39002355555556,3.9,205.0,2017-09-11 03:56:36
18339,30.290498,123.3831902222222,3.5,221.0,2017-09-11 04:06:36
18339,30.28288688888889,123.374718,3.9,218.0,2017-09-11 04:16:36
18339,30.275164666666665,123.36663466666666,5.3,212.0,2017-09-11 04:26:36
18339,30.266136888888887,123.35941244444444,4.3,215.0,2017-09-11 04:36:36
18339,30.257748,123.35224577777778,3.6,225.0,2017-09-11 04:46:36
18339,30.24863688888889,123.3446902222222,4.1,228.0,2017-09-11 04:56:36
18339,30.240692444444445,123.33413466666669,4.5,233.0,2017-09-11 05:06:36
18339,30.23355355555556,123.32457911111106,4.9,214.0,2017-09-11 05:16:36
18339,30.225414666666666,123.31519022222224,4.0,220.0,2017-09-11 05:26:36
18339,30.21622022222222,123.30605133333331,4.9,210.0,2017-09-11 05:36:36
18339,30.20910911111111,123.29480133333333,4.4,213.0,2017-09-11 05:46:36
18339,30.20194244444444,123.28332911111112,4.2,257.0,2017-09-11 05:56:36
18339,30.194136888888888,123.27135688888887,4.6,260.0,2017-09-11 06:07:03
18339,30.186553555555548,123.259968,5.5,229.0,2017-09-11 06:16:36
18339,30.176692444444445,123.249468,3.5,244.0,2017-09-11 06:26:36
18339,30.168775777777785,123.23707911111111,4.9,229.0,2017-09-11 06:36:36
18339,30.160303555555547,123.22446800000002,5.2,210.0,2017-09-11 06:46:36
18339,30.15269244444445,123.21213466666669,5.2,234.0,2017-09-11 06:56:36
18339,30.14333133333333,123.20041244444444,4.7,257.0,2017-09-11 07:06:36
18339,30.13535911111111,123.18810688888892,6.3,190.0,2017-09-11 07:17:04
18339,30.12033133333333,123.182718,6.5,193.0,2017-09-11 07:26:36
18339,30.106136888888887,123.17355133333336,6.5,204.0,2017-09-11 07:36:36
18339,30.08944244444444,123.17013466666668,7.1,198.0,2017-09-11 07:46:36
18339,30.07538688888889,123.160968,6.0,213.0,2017-09-11 07:56:36
18339,30.058498,123.15377355555556,6.2,205.0,2017-09-11 08:06:35
18339,30.043553555555555,123.14480133333332,6.2,219.0,2017-09-11 08:16:35
18339,30.02872022222222,123.13532911111106,7.0,210.0,2017-09-11 08:26:36
18339,30.01283133333333,123.12588466666666,5.9,216.0,2017-09-11 08:36:36
18339,30.00069244444445,123.11966244444444,0.5,311.0,2017-09-11 08:46:36
18339,29.99622022222222,123.11666244444444,4.1,270.0,2017-09-11 08:56:36
18339,30.00444244444445,123.11405133333334,1.9,347.0,2017-09-11 09:06:36
18339,30.00977577777777,123.113218,2.0,348.0,2017-09-11 09:16:36
18339,30.01522022222222,123.11241244444444,1.8,357.0,2017-09-11 09:26:35
18339,30.02085911111111,123.11155133333334,2.1,343.0,2017-09-11 09:36:36
18339,30.026525777777767,123.11085688888888,1.9,352.0,2017-09-11 09:46:36
18339,30.03216466666667,123.10974577777776,2.0,357.0,2017-09-11 09:56:35
18339,30.03813688888889,123.1084957777778,2.1,358.0,2017-09-11 10:07:04
18339,30.04333133333333,123.10541244444444,2.8,344.0,2017-09-11 10:16:35
18339,30.04897022222222,123.10224577777778,2.3,349.0,2017-09-11 10:26:35
18339,30.054803555555555,123.09932911111112,2.4,343.0,2017-09-11 10:36:36
18339,30.060609111111116,123.0964957777778,2.4,342.0,2017-09-11 10:46:35
18339,30.066609111111116,123.09391244444444,2.5,345.0,2017-09-11 10:56:35
18339,30.072914666666662,123.09227355555556,2.2,350.0,2017-09-11 11:06:35
18339,30.07933133333333,123.09182911111112,2.3,6.0,2017-09-11 11:16:35
18339,30.08563688888889,123.09182911111112,2.3,354.0,2017-09-11 11:26:35
18339,30.091859111111116,123.09169022222224,2.3,348.0,2017-09-11 11:36:35
18339,30.097998,123.087968,2.3,330.0,2017-09-11 11:46:36
18339,30.10408133333333,123.08541244444444,2.1,359.0,2017-09-11 11:56:35
18339,30.110664666666665,123.08424577777778,2.1,359.0,2017-09-11 12:06:35
18339,30.11716466666667,123.08277355555556,2.0,355.0,2017-09-11 12:16:35
18339,30.12369244444445,123.08185688888894,2.2,10.0,2017-09-11 12:26:36
18339,30.13022022222221,123.080718,2.1,5.0,2017-09-11 12:36:36
18339,30.13672022222222,123.07963466666668,2.1,354.0,2017-09-11 12:46:41
18339,30.143053555555557,123.07882911111112,2.1,17.0,2017-09-11 12:56:34
18339,30.14969244444444,123.07782911111111,2.2,355.0,2017-09-11 13:07:10
18339,30.155553555555556,123.07713466666668,2.2,344.0,2017-09-11 13:16:34
18339,30.16169244444444,123.07632911111112,2.2,357.0,2017-09-11 13:26:34
18339,30.16769244444445,123.07557911111113,2.2,358.0,2017-09-11 13:36:35
18339,30.17366466666667,123.074968,2.2,351.0,2017-09-11 13:46:35
18339,30.17933133333333,123.07366244444444,2.2,351.0,2017-09-11 13:56:35
18339,30.17694244444445,123.07405133333334,1.1,174.0,2017-09-11 14:06:35
18339,30.17727577777777,123.073468,2.4,348.0,2017-09-11 14:16:35
18339,30.176275777777786,123.0712457777778,0.7,0.0,2017-09-11 14:26:35
18339,30.17644244444445,123.06944022222224,0.8,0.0,2017-09-11 14:36:35
18339,30.17610911111111,123.06735688888894,0.8,0.0,2017-09-11 14:46:35
18339,30.176414666666663,123.06635688888888,7.1,220.0,2017-09-11 14:56:35
18339,30.169748,123.06344022222224,3.0,156.0,2017-09-11 15:06:35
18339,30.16397022222222,123.06516244444444,1.8,161.0,2017-09-11 15:16:34
18339,30.15258133333333,123.06877355555557,2.3,161.0,2017-09-11 15:37:04
18339,30.14697022222222,123.07016244444443,2.2,169.0,2017-09-11 15:46:34
18339,30.141109111111117,123.07216244444444,1.9,159.0,2017-09-11 15:56:34
18339,30.135109111111117,123.07455133333332,2.4,169.0,2017-09-11 16:06:35
18339,30.12894244444445,123.075968,2.0,176.0,2017-09-11 16:16:35
18339,30.12277577777777,123.07763466666668,2.3,170.0,2017-09-11 16:26:35
18339,30.11644244444444,123.07905133333334,2.9,168.0,2017-09-11 16:36:34
18339,30.11008133333333,123.07991244444445,2.1,170.0,2017-09-11 16:46:35
18339,30.10358133333333,123.08088466666666,2.2,170.0,2017-09-11 16:56:34
18339,30.09691466666667,123.08244022222222,2.2,168.0,2017-09-11 17:06:35
18339,30.090164666666663,123.08405133333336,2.6,173.0,2017-09-11 17:16:34
18339,30.07622022222222,123.08685688888887,2.2,162.0,2017-09-11 17:36:33
18339,30.069248,123.08882911111112,2.3,176.0,2017-09-11 17:46:33
18339,30.062192444444445,123.09057911111113,2.5,165.0,2017-09-11 17:56:33
18339,30.04794244444445,123.09416244444444,2.8,166.0,2017-09-11 18:16:33
18339,30.040998,123.09605133333334,2.4,167.0,2017-09-11 18:26:34
18339,30.03433133333333,123.09744022222222,2.5,172.0,2017-09-11 18:36:33
18339,30.03605355555556,123.09655133333334,1.9,351.0,2017-09-11 18:46:33
18339,30.034248,123.095968,0.9,189.0,2017-09-11 18:56:33
18339,30.031609111111116,123.09430133333332,3.8,128.0,2017-09-11 19:06:34
18339,30.02763688888889,123.09116244444444,2.1,209.0,2017-09-11 19:16:33
18339,30.02422022222222,123.08880133333334,1.5,209.0,2017-09-11 19:26:33
18339,30.020775777777768,123.08616244444444,1.1,225.0,2017-09-11 19:36:33
18339,30.017303555555557,123.08227355555556,5.8,256.0,2017-09-11 19:46:33
18339,29.996914666666665,123.06982911111112,9.1,205.0,2017-09-11 19:56:33
18339,29.98205355555555,123.064218,2.2,212.0,2017-09-11 20:06:33
18339,29.98208133333333,123.06682911111112,4.7,68.0,2017-09-11 20:16:33
18339,29.98394244444445,123.08360688888894,5.7,80.0,2017-09-11 20:26:33
18339,29.987720222222237,123.12288466666666,6.6,87.0,2017-09-11 20:46:33
18339,29.989248,123.1432457777778,6.7,87.0,2017-09-11 20:56:33
18339,29.99133133333333,123.1624957777778,1.9,90.0,2017-09-11 21:06:34
18339,29.99083133333333,123.15952355555557,2.5,352.0,2017-09-11 21:16:34
18339,29.999025777777767,123.15830133333334,1.7,347.0,2017-09-11 21:26:34
18339,30.00977577777777,123.15407911111112,2.1,336.0,2017-09-11 21:46:47
18339,30.015275777777767,123.15185688888891,2.4,331.0,2017-09-11 21:56:34
18339,30.02102577777777,123.14957911111112,2.4,342.0,2017-09-11 22:06:35
18339,30.02683133333333,123.14730133333336,2.2,339.0,2017-09-11 22:16:33
18339,30.032748,123.14538466666669,2.2,345.0,2017-09-11 22:26:33
18339,30.038859111111112,123.14338466666668,2.4,346.0,2017-09-11 22:36:33
18339,30.04530355555556,123.14135688888894,2.5,357.0,2017-09-11 22:46:32
18339,30.051831333333336,123.1397457777778,2.5,345.0,2017-09-11 22:56:33
18339,30.058470222222237,123.13821800000002,2.3,359.0,2017-09-11 23:06:33
18339,30.06516466666667,123.136968,2.4,1.0,2017-09-11 23:16:32
18339,30.07183133333333,123.13577355555556,2.4,356.0,2017-09-11 23:26:32
18339,30.078525777777767,123.13460688888892,2.2,3.0,2017-09-11 23:36:32
18339,30.08513688888889,123.133218,2.1,1.0,2017-09-11 23:46:32
18339,30.09169244444444,123.13207911111112,2.3,0.0,2017-09-11 23:56:32
18339,30.104998,123.12960688888892,2.5,352.0,2017-09-12 00:16:32
18339,30.11155355555556,123.12835688888887,2.4,350.0,2017-09-12 00:26:32
18339,30.118164666666665,123.12682911111112,2.4,351.0,2017-09-12 00:36:32
18339,30.12485911111111,123.124968,2.2,343.0,2017-09-12 00:46:32
18339,30.131664666666666,123.123468,2.5,347.0,2017-09-12 00:56:32
18339,30.138498,123.12205133333332,2.5,341.0,2017-09-12 01:06:32
18339,30.14522022222221,123.12063466666666,2.4,345.0,2017-09-12 01:16:32
18339,30.15185911111111,123.11927355555557,2.5,359.0,2017-09-12 01:26:32
18339,30.15830355555555,123.11807911111111,2.3,343.0,2017-09-12 01:36:32
18339,30.164859111111117,123.11755133333334,2.4,355.0,2017-09-12 01:46:32
18339,30.17127577777779,123.11705133333334,1.9,357.0,2017-09-12 01:56:32
18339,30.177498,123.11669022222222,2.3,3.0,2017-09-12 02:06:32
18339,30.18360911111111,123.11660688888888,2.0,358.0,2017-09-12 02:16:32
18339,30.18208133333333,123.11705133333334,1.2,296.0,2017-09-12 02:26:32
18339,30.18483133333333,123.11813466666666,0.4,78.0,2017-09-12 02:36:32
18339,30.186025777777783,123.11857911111107,0.3,0.0,2017-09-12 02:46:31
18339,30.18627577777778,123.11974577777778,0.5,95.0,2017-09-12 02:56:31
18339,30.197248,123.11435688888888,7.2,321.0,2017-09-12 03:06:31
18339,30.215414666666664,123.10291244444444,7.3,323.0,2017-09-12 03:16:31
18339,30.234275777777768,123.09316244444445,7.0,346.0,2017-09-12 03:26:47
18339,30.25283133333333,123.0869402222222,7.1,348.0,2017-09-12 03:36:31
18339,30.25266466666667,123.087468,2.8,163.0,2017-09-12 03:46:31
18339,30.24708133333333,123.0892457777778,1.9,164.0,2017-09-12 03:56:31
18339,30.24130355555556,123.09105133333334,2.2,171.0,2017-09-12 04:06:32
18339,30.23544244444445,123.09302355555556,2.3,164.0,2017-09-12 04:16:31
18339,30.229414666666663,123.09505133333332,2.1,160.0,2017-09-12 04:26:31
18339,30.22338688888889,123.09738466666668,2.4,165.0,2017-09-12 04:36:31
18339,30.217136888888888,123.09960688888891,2.2,159.0,2017-09-12 04:46:32
18339,30.210748,123.10180133333331,2.2,159.0,2017-09-12 04:56:31
18339,30.204303555555555,123.10385688888888,2.6,159.0,2017-09-12 05:06:33
18339,30.19783133333333,123.10610688888887,2.7,159.0,2017-09-12 05:16:32
18339,30.19133133333333,123.1084957777778,3.1,158.0,2017-09-12 05:26:31
18339,30.184748,123.11060688888888,2.4,161.0,2017-09-12 05:36:33
18339,30.17802577777777,123.11269022222224,2.3,175.0,2017-09-12 05:46:32
18339,30.170998,123.11405133333334,3.0,169.0,2017-09-12 05:56:31
18339,30.163859111111112,123.11513466666666,2.4,171.0,2017-09-12 06:06:45
18339,30.15694244444445,123.11619022222222,2.9,170.0,2017-09-12 06:16:32
18339,30.149747999999995,123.11730133333332,2.4,167.0,2017-09-12 06:26:31
18339,30.142525777777767,123.11830133333332,2.4,173.0,2017-09-12 06:36:32
18339,30.13535911111111,123.11913466666668,2.6,167.0,2017-09-12 06:46:32
18339,30.12813688888889,123.11980133333331,2.6,182.0,2017-09-12 06:56:31
18339,30.12083133333333,123.12016244444445,2.4,176.0,2017-09-12 07:06:31
18339,30.11360911111111,123.1204957777778,2.7,174.0,2017-09-12 07:16:31
18339,30.106414666666662,123.1204957777778,2.4,182.0,2017-09-12 07:26:30
18339,30.09933133333333,123.12088466666668,2.4,179.0,2017-09-12 07:36:30
18339,30.09219244444445,123.12088466666668,2.7,181.0,2017-09-12 07:46:31
18339,30.08513688888889,123.12063466666666,2.3,180.0,2017-09-12 07:56:31
18339,30.080525777777765,123.12035688888888,0.9,6.0,2017-09-12 08:06:31
18339,30.07933133333333,123.11982911111112,2.7,201.0,2017-09-12 08:16:31
18339,30.073998,123.1182457777778,2.1,196.0,2017-09-12 08:26:32
18339,30.06652577777777,123.1162457777778,2.7,196.0,2017-09-12 08:36:31
18339,30.059192444444445,123.11327355555557,0.7,196.0,2017-09-12 08:46:31
18339,30.05083133333333,123.08930133333332,8.6,256.0,2017-09-12 08:56:31
18339,30.045136888888887,123.06238466666667,8.8,249.0,2017-09-12 09:06:31
18339,30.03588688888889,123.03488466666668,8.9,250.0,2017-09-12 09:16:41
18339,30.02072022222222,122.9812457777778,8.9,257.0,2017-09-12 09:36:31
18339,30.01197022222221,122.95374577777778,9.1,251.0,2017-09-12 09:46:32
18339,30.007275777777767,122.92577355555557,8.8,262.0,2017-09-12 09:56:31
18339,30.004386888888888,122.89791244444444,9.0,266.0,2017-09-12 10:06:32
18339,30.003359111111116,122.86938466666666,9.6,266.0,2017-09-12 10:16:32
18339,30.00208133333333,122.8386902222222,9.3,271.0,2017-09-12 10:26:31
18339,29.99972022222222,122.807718,9.4,275.0,2017-09-12 10:36:32
18339,29.997775777777782,122.77657911111112,9.3,271.0,2017-09-12 10:46:31
18339,29.996498,122.74494022222224,9.9,274.0,2017-09-12 10:56:32
18339,29.995192444444445,122.71244022222224,9.7,268.0,2017-09-12 11:06:33
18339,29.995192444444445,122.68191244444444,9.2,264.0,2017-09-12 11:16:37
18339,29.99438688888889,122.65094022222225,9.2,269.0,2017-09-12 11:26:47
18339,29.99383133333333,122.62127355555556,9.6,267.0,2017-09-12 11:36:31
18339,29.994164666666663,122.60585688888894,9.2,262.0,2017-09-12 11:46:31
18339,29.993609111111112,122.5747457777778,9.7,269.0,2017-09-12 11:56:30
18339,29.993275777777782,122.54316244444443,9.6,260.0,2017-09-12 12:06:29
18339,29.99233133333333,122.51135688888888,9.9,265.0,2017-09-12 12:16:31
18339,29.98969244444445,122.48007911111112,9.4,257.0,2017-09-12 12:26:30
18339,29.98358133333333,122.45088466666668,9.1,254.0,2017-09-12 12:36:30
18339,29.978136888888887,122.42305133333336,8.7,256.0,2017-09-12 12:46:30
18339,29.96947022222221,122.39355133333336,10.8,258.0,2017-09-12 12:56:30
18339,29.972164666666664,122.37252355555556,2.7,313.0,2017-09-12 13:06:31
